-- phpMyAdmin SQL Dump
-- version 4.7.7
-- https://www.phpmyadmin.net/
--
-- Host: 127.0.0.1
-- Generation Time: Aug 09, 2018 at 10:51 AM
-- Server version: 10.1.30-MariaDB
-- PHP Version: 7.2.2

SET SQL_MODE = "NO_AUTO_VALUE_ON_ZERO";
SET AUTOCOMMIT = 0;
START TRANSACTION;
SET time_zone = "+00:00";


/*!40101 SET @OLD_CHARACTER_SET_CLIENT=@@CHARACTER_SET_CLIENT */;
/*!40101 SET @OLD_CHARACTER_SET_RESULTS=@@CHARACTER_SET_RESULTS */;
/*!40101 SET @OLD_COLLATION_CONNECTION=@@COLLATION_CONNECTION */;
/*!40101 SET NAMES utf8mb4 */;

--
-- Database: `demoapi`
--

-- --------------------------------------------------------

--
-- Table structure for table `migrations`
--

CREATE TABLE `migrations` (
  `id` int(10) UNSIGNED NOT NULL,
  `migration` varchar(255) COLLATE utf8mb4_unicode_ci NOT NULL,
  `batch` int(11) NOT NULL
) ENGINE=InnoDB DEFAULT CHARSET=utf8mb4 COLLATE=utf8mb4_unicode_ci;

--
-- Dumping data for table `migrations`
--

INSERT INTO `migrations` (`id`, `migration`, `batch`) VALUES
(1, '2014_10_12_000000_create_users_table', 1),
(2, '2014_10_12_100000_create_password_resets_table', 1),
(3, '2016_06_01_000001_create_oauth_auth_codes_table', 1),
(4, '2016_06_01_000002_create_oauth_access_tokens_table', 1),
(5, '2016_06_01_000003_create_oauth_refresh_tokens_table', 1),
(6, '2016_06_01_000004_create_oauth_clients_table', 1),
(7, '2016_06_01_000005_create_oauth_personal_access_clients_table', 1),
(8, '2018_07_15_144340_create_products_table', 2),
(9, '2018_07_15_144533_create_reviews_table', 2);

-- --------------------------------------------------------

--
-- Table structure for table `oauth_access_tokens`
--

CREATE TABLE `oauth_access_tokens` (
  `id` varchar(100) COLLATE utf8mb4_unicode_ci NOT NULL,
  `user_id` int(11) DEFAULT NULL,
  `client_id` int(11) NOT NULL,
  `name` varchar(255) COLLATE utf8mb4_unicode_ci DEFAULT NULL,
  `scopes` text COLLATE utf8mb4_unicode_ci,
  `revoked` tinyint(1) NOT NULL,
  `created_at` timestamp NULL DEFAULT NULL,
  `updated_at` timestamp NULL DEFAULT NULL,
  `expires_at` datetime DEFAULT NULL
) ENGINE=InnoDB DEFAULT CHARSET=utf8mb4 COLLATE=utf8mb4_unicode_ci;

--
-- Dumping data for table `oauth_access_tokens`
--

INSERT INTO `oauth_access_tokens` (`id`, `user_id`, `client_id`, `name`, `scopes`, `revoked`, `created_at`, `updated_at`, `expires_at`) VALUES
('910404d158fb8c6a5e8e022d6170e10dd96857a38110bdbc14ee10aefd1dcb7e91f65b4e48d38804', 1, 2, NULL, '[]', 0, '2018-07-15 12:54:47', '2018-07-15 12:54:47', '2019-07-15 18:54:47'),
('d93004652b9dce713080f5db6c82b86b895bd89ba2af4389d762511083e3383701314dfb2a1b9f56', 1, 2, NULL, '[]', 0, '2018-07-15 12:48:24', '2018-07-15 12:48:24', '2019-07-15 18:48:24');

-- --------------------------------------------------------

--
-- Table structure for table `oauth_auth_codes`
--

CREATE TABLE `oauth_auth_codes` (
  `id` varchar(100) COLLATE utf8mb4_unicode_ci NOT NULL,
  `user_id` int(11) NOT NULL,
  `client_id` int(11) NOT NULL,
  `scopes` text COLLATE utf8mb4_unicode_ci,
  `revoked` tinyint(1) NOT NULL,
  `expires_at` datetime DEFAULT NULL
) ENGINE=InnoDB DEFAULT CHARSET=utf8mb4 COLLATE=utf8mb4_unicode_ci;

-- --------------------------------------------------------

--
-- Table structure for table `oauth_clients`
--

CREATE TABLE `oauth_clients` (
  `id` int(10) UNSIGNED NOT NULL,
  `user_id` int(11) DEFAULT NULL,
  `name` varchar(255) COLLATE utf8mb4_unicode_ci NOT NULL,
  `secret` varchar(100) COLLATE utf8mb4_unicode_ci NOT NULL,
  `redirect` text COLLATE utf8mb4_unicode_ci NOT NULL,
  `personal_access_client` tinyint(1) NOT NULL,
  `password_client` tinyint(1) NOT NULL,
  `revoked` tinyint(1) NOT NULL,
  `created_at` timestamp NULL DEFAULT NULL,
  `updated_at` timestamp NULL DEFAULT NULL
) ENGINE=InnoDB DEFAULT CHARSET=utf8mb4 COLLATE=utf8mb4_unicode_ci;

--
-- Dumping data for table `oauth_clients`
--

INSERT INTO `oauth_clients` (`id`, `user_id`, `name`, `secret`, `redirect`, `personal_access_client`, `password_client`, `revoked`, `created_at`, `updated_at`) VALUES
(1, NULL, 'Laravel Personal Access Client', 'lyRi0FYUli37X4Nbc5IrgMZlhBHNaOTwEHpP9V2p', 'http://localhost', 1, 0, 0, '2018-07-15 08:19:41', '2018-07-15 08:19:41'),
(2, NULL, 'Laravel Password Grant Client', 'VFhfkvqfb37anjK5cAyA8dZiWAAotXps3hSaEPit', 'http://localhost', 0, 1, 0, '2018-07-15 08:19:41', '2018-07-15 08:19:41');

-- --------------------------------------------------------

--
-- Table structure for table `oauth_personal_access_clients`
--

CREATE TABLE `oauth_personal_access_clients` (
  `id` int(10) UNSIGNED NOT NULL,
  `client_id` int(11) NOT NULL,
  `created_at` timestamp NULL DEFAULT NULL,
  `updated_at` timestamp NULL DEFAULT NULL
) ENGINE=InnoDB DEFAULT CHARSET=utf8mb4 COLLATE=utf8mb4_unicode_ci;

--
-- Dumping data for table `oauth_personal_access_clients`
--

INSERT INTO `oauth_personal_access_clients` (`id`, `client_id`, `created_at`, `updated_at`) VALUES
(1, 1, '2018-07-15 08:19:41', '2018-07-15 08:19:41');

-- --------------------------------------------------------

--
-- Table structure for table `oauth_refresh_tokens`
--

CREATE TABLE `oauth_refresh_tokens` (
  `id` varchar(100) COLLATE utf8mb4_unicode_ci NOT NULL,
  `access_token_id` varchar(100) COLLATE utf8mb4_unicode_ci NOT NULL,
  `revoked` tinyint(1) NOT NULL,
  `expires_at` datetime DEFAULT NULL
) ENGINE=InnoDB DEFAULT CHARSET=utf8mb4 COLLATE=utf8mb4_unicode_ci;

--
-- Dumping data for table `oauth_refresh_tokens`
--

INSERT INTO `oauth_refresh_tokens` (`id`, `access_token_id`, `revoked`, `expires_at`) VALUES
('5c09314313aeeed23c4371f7d92c8c26713497be94c47f6627664ec2ca12a68be2270627cf3c6677', 'd93004652b9dce713080f5db6c82b86b895bd89ba2af4389d762511083e3383701314dfb2a1b9f56', 0, '2019-07-15 18:48:25'),
('84819af74b007d3ad63ac0377d63187124162430c5d70ccff72f5389561391a7fb2989a80d0474cc', '910404d158fb8c6a5e8e022d6170e10dd96857a38110bdbc14ee10aefd1dcb7e91f65b4e48d38804', 0, '2019-07-15 18:54:47');

-- --------------------------------------------------------

--
-- Table structure for table `password_resets`
--

CREATE TABLE `password_resets` (
  `email` varchar(255) COLLATE utf8mb4_unicode_ci NOT NULL,
  `token` varchar(255) COLLATE utf8mb4_unicode_ci NOT NULL,
  `created_at` timestamp NULL DEFAULT NULL
) ENGINE=InnoDB DEFAULT CHARSET=utf8mb4 COLLATE=utf8mb4_unicode_ci;

-- --------------------------------------------------------

--
-- Table structure for table `products`
--

CREATE TABLE `products` (
  `id` int(10) UNSIGNED NOT NULL,
  `name` varchar(255) COLLATE utf8mb4_unicode_ci NOT NULL,
  `price` int(11) NOT NULL,
  `stock` int(11) NOT NULL,
  `detail` text COLLATE utf8mb4_unicode_ci NOT NULL,
  `discount` int(11) NOT NULL,
  `created_at` timestamp NULL DEFAULT NULL,
  `updated_at` timestamp NULL DEFAULT NULL
) ENGINE=InnoDB DEFAULT CHARSET=utf8mb4 COLLATE=utf8mb4_unicode_ci;

--
-- Dumping data for table `products`
--

INSERT INTO `products` (`id`, `name`, `price`, `stock`, `detail`, `discount`, `created_at`, `updated_at`) VALUES
(1, 'veniam', 741, 7, 'Ipsam ratione nobis ipsa doloremque molestiae id est. Eaque sequi iusto odit repellendus praesentium est quaerat aut. Molestias delectus et culpa aliquam eum molestiae. Sunt officiis sint laboriosam architecto illo aperiam.', 16, '2018-07-15 10:11:41', '2018-07-15 10:11:41'),
(2, 'totam', 571, 5, 'Quis nihil et temporibus. Accusamus qui voluptas perferendis recusandae fuga nostrum. Est omnis animi voluptate impedit maxime.', 24, '2018-07-15 10:11:41', '2018-07-15 10:11:41'),
(3, 'voluptatem', 578, 8, 'Est repellendus quam temporibus quis. Qui magnam quasi et ea perspiciatis quo. Minus aspernatur eum ullam beatae rerum velit quo id.', 24, '2018-07-15 10:11:41', '2018-07-15 10:11:41'),
(4, 'repellendus', 430, 4, 'Officiis esse consequatur molestiae modi ut molestias. Odit optio reiciendis dolorem mollitia maxime sunt. Quidem aut enim et nam.', 24, '2018-07-15 10:11:41', '2018-07-15 10:11:41'),
(5, 'voluptatem', 824, 4, 'Nihil quod delectus sed. Repellat illo vero porro sed nostrum voluptate. Et eum laudantium perspiciatis.', 15, '2018-07-15 10:11:41', '2018-07-15 10:11:41'),
(6, 'quisquam', 991, 5, 'Saepe sunt cupiditate libero est. Ut exercitationem et necessitatibus sint quasi. Sed ducimus quia sit sunt molestias.', 13, '2018-07-15 10:11:41', '2018-07-15 10:11:41'),
(7, 'iusto', 863, 1, 'Deserunt rerum dolores est. Praesentium eius et voluptatem unde est. Optio a laboriosam et voluptas dolorem officia modi. Temporibus repellendus sit adipisci et.', 25, '2018-07-15 10:11:41', '2018-07-15 10:11:41'),
(8, 'sunt', 785, 2, 'Quia sunt quia nemo quis quo. Voluptates rem rerum fugiat recusandae. Ea velit inventore qui incidunt. Sit enim quos quos rem itaque sint a.', 27, '2018-07-15 10:11:41', '2018-07-15 10:11:41'),
(9, 'sequi', 556, 8, 'Minima iure ut voluptatem et fugit. Neque autem deserunt omnis minima illum numquam. Maiores quae rerum eligendi omnis asperiores natus.', 4, '2018-07-15 10:11:41', '2018-07-15 10:11:41'),
(10, 'aut', 817, 0, 'Ea nisi fuga est. Minima et quia modi non. Et dolorem fugit iusto culpa quae ut in sunt.', 19, '2018-07-15 10:11:41', '2018-07-15 10:11:41'),
(11, 'ut', 249, 6, 'Doloremque est quos sunt illo voluptatem iste. Voluptatem officiis error cum est odit. Repellendus explicabo nisi molestiae. Excepturi sed ut eum est aut repellendus. Veritatis ullam repellendus non eius ut.', 4, '2018-07-15 10:11:42', '2018-07-15 10:11:42'),
(12, 'qui', 940, 8, 'Dolores eum accusamus laborum atque eveniet. Dolorem omnis repellat magni. Cumque et quo beatae esse. Eum saepe eveniet voluptate blanditiis.', 18, '2018-07-15 10:11:42', '2018-07-15 10:11:42'),
(13, 'facilis', 253, 5, 'Sit repellendus cumque dolorem mollitia. Quaerat harum ut eum expedita consequatur modi.', 24, '2018-07-15 10:11:42', '2018-07-15 10:11:42'),
(14, 'consequatur', 859, 3, 'Eligendi non asperiores aut modi. Repellat sed qui autem necessitatibus ut fugiat.', 6, '2018-07-15 10:11:42', '2018-07-15 10:11:42'),
(15, 'assumenda', 957, 5, 'Vitae pariatur molestiae aperiam quis qui. Qui assumenda non nemo magni. Quidem totam voluptas omnis sed omnis.', 3, '2018-07-15 10:11:42', '2018-07-15 10:11:42'),
(16, 'tempore', 776, 2, 'Quod repellendus sunt consectetur rem autem. Aut quisquam et ex illo nemo. Nemo porro blanditiis perspiciatis. Rerum culpa ducimus autem et.', 22, '2018-07-15 10:11:42', '2018-07-15 10:11:42'),
(17, 'ullam', 320, 0, 'Qui ab iste fugiat commodi. Praesentium dolorum et est. Tempore eum placeat unde.', 10, '2018-07-15 10:11:42', '2018-07-15 10:11:42'),
(18, 'totam', 230, 5, 'Nam nostrum voluptas exercitationem omnis est. Eaque ab voluptas commodi laudantium earum eligendi. Et vitae veritatis repellat ut velit iure ad.', 19, '2018-07-15 10:11:42', '2018-07-15 10:11:42'),
(19, 'suscipit', 437, 3, 'In voluptas maiores tempore quis officiis nihil. Et et vitae nulla labore magni quaerat cum. Eius sapiente aut illo tenetur. Distinctio eum nesciunt est et velit eius dolores eos.', 10, '2018-07-15 10:11:42', '2018-07-15 10:11:42'),
(20, 'est', 119, 0, 'Odit quaerat similique iusto. Illum est rerum exercitationem. Necessitatibus placeat accusantium est et sit perspiciatis laborum. Quia rerum assumenda beatae. Ut qui voluptas quis pariatur.', 16, '2018-07-15 10:11:42', '2018-07-15 10:11:42'),
(21, 'sit', 270, 3, 'Incidunt cum culpa enim aliquam laborum ea. Sit quas architecto itaque aut ut eum temporibus tempore. Sit laboriosam aperiam quia non libero qui.', 8, '2018-07-15 10:11:42', '2018-07-15 10:11:42'),
(22, 'sed', 930, 3, 'Fugiat ea aut ratione eaque. Et id ipsum quisquam dignissimos rerum natus molestias. Quis qui ipsa tempore quas.', 16, '2018-07-15 10:11:42', '2018-07-15 10:11:42'),
(23, 'provident', 836, 1, 'In assumenda eum et id quisquam cupiditate reiciendis. Natus aut id labore optio at ut. Ullam laborum est aut rerum at fuga. Molestias harum aperiam deserunt repellat aliquam repellat. Pariatur saepe harum rem eos quae itaque deserunt.', 8, '2018-07-15 10:11:43', '2018-07-15 10:11:43'),
(24, 'in', 208, 1, 'Ipsam necessitatibus unde quisquam pariatur aut dolore. Vitae recusandae perspiciatis exercitationem unde. Veniam molestiae libero laborum ea. Consequatur aspernatur doloribus magnam harum.', 11, '2018-07-15 10:11:43', '2018-07-15 10:11:43'),
(25, 'sed', 556, 7, 'Voluptate aliquid provident expedita. Accusantium dolore non sint cumque unde quae voluptas. Est expedita tempore corrupti possimus dolores. Ab officiis aut suscipit consectetur iusto cumque quo neque.', 3, '2018-07-15 10:11:43', '2018-07-15 10:11:43'),
(26, 'qui', 281, 9, 'Eius adipisci autem ut omnis id. Sed aut rerum et adipisci qui. Est et sit aut et.', 26, '2018-07-15 10:11:43', '2018-07-15 10:11:43'),
(27, 'velit', 607, 1, 'Sequi recusandae cum laborum molestias nihil fuga. Debitis asperiores possimus laborum ipsa earum. Non aut fugit vitae illo. Reprehenderit excepturi qui voluptas quia omnis fuga.', 11, '2018-07-15 10:11:43', '2018-07-15 10:11:43'),
(28, 'eos', 930, 0, 'Pariatur debitis provident illum omnis dolores est eos. Soluta fugiat exercitationem voluptas error.', 10, '2018-07-15 10:11:43', '2018-07-15 10:11:43'),
(29, 'repellat', 461, 2, 'Sed doloribus perferendis laborum eligendi minima non. Reiciendis vitae enim veritatis. Ullam eius et ullam ratione eos. Nihil fuga sit impedit sit.', 14, '2018-07-15 10:11:43', '2018-07-15 10:11:43'),
(30, 'qui', 891, 9, 'Eius quae nesciunt quia odio ex enim autem. Vero est nam aut odit nemo tempore. Magnam sapiente in veniam aut assumenda. Est aperiam et enim minima similique inventore.', 19, '2018-07-15 10:11:43', '2018-07-15 10:11:43'),
(31, 'velit', 655, 5, 'Recusandae eius quasi recusandae earum. Sed ab nesciunt repudiandae porro. Omnis quasi neque quis aut expedita. Dolor commodi et error dolorem eius minima. Quisquam et laudantium velit quis enim fugiat ut.', 16, '2018-07-15 10:11:43', '2018-07-15 10:11:43'),
(32, 'iusto', 819, 1, 'Aliquid nobis quo quia perferendis explicabo soluta. Ut aperiam dolor rerum incidunt maiores fuga deserunt. Expedita animi quibusdam sint harum. Porro distinctio qui rem in quam harum sapiente cum. Et ullam consequatur sequi.', 26, '2018-07-15 10:11:43', '2018-07-15 10:11:43'),
(33, 'sint', 174, 5, 'Veritatis magnam error deleniti in repellat quod. Est et ratione autem aut quia aliquid omnis. Pariatur molestiae explicabo culpa provident. Laudantium illo distinctio impedit voluptatibus commodi doloremque. Saepe et eos voluptates ex.', 14, '2018-07-15 10:11:43', '2018-07-15 10:11:43'),
(35, 'nemo', 322, 2, 'Exercitationem id molestias quia ullam placeat qui inventore quam. Necessitatibus aperiam voluptates consequuntur culpa facilis alias possimus.', 2, '2018-07-15 10:11:44', '2018-07-15 10:11:44'),
(36, 'magni', 842, 1, 'Consequatur qui et sunt repellat voluptas et sit. Magni aperiam harum sint saepe et cum et excepturi. Voluptates accusamus doloribus fuga. Saepe pariatur repellat perspiciatis praesentium fugit vitae.', 23, '2018-07-15 10:11:44', '2018-07-15 10:11:44'),
(37, 'dignissimos', 635, 6, 'Et voluptate maxime quis fugiat natus similique doloribus. Exercitationem doloribus aliquid nisi quia voluptatem. Est at voluptate iusto ut ut accusantium adipisci.', 6, '2018-07-15 10:11:44', '2018-07-15 10:11:44'),
(38, 'adipisci', 566, 8, 'Sint modi rem unde. Quibusdam in eius est eaque. Vel suscipit est a non at et ipsam. Et et sapiente dolor fuga et.', 11, '2018-07-15 10:11:44', '2018-07-15 10:11:44'),
(39, 'veniam', 808, 2, 'Rerum ut vero saepe sed. Quod omnis explicabo velit totam odit. Saepe ratione labore ut rerum eveniet suscipit et. Saepe rerum sed impedit.', 17, '2018-07-15 10:11:44', '2018-07-15 10:11:44'),
(40, 'inventore', 566, 3, 'Cumque beatae eveniet perferendis consectetur nihil. Ab facilis quia molestiae laborum. Ex aut nam consequatur repellat. Sunt ea sed et quas cupiditate doloremque.', 8, '2018-07-15 10:11:44', '2018-07-15 10:11:44'),
(41, 'velit', 889, 9, 'Soluta a id dolorum nihil inventore mollitia. Non doloremque iste illum labore. Facere vero eos in eius tempora est.', 3, '2018-07-15 10:11:44', '2018-07-15 10:11:44'),
(42, 'id', 475, 8, 'Quia eaque consequatur veritatis repudiandae. Et similique fugit nisi autem. Consequatur autem facere expedita et odit.', 25, '2018-07-15 10:11:44', '2018-07-15 10:11:44'),
(43, 'dolor', 713, 9, 'Error et sed saepe ipsa amet blanditiis optio nesciunt. Et et rerum ducimus labore inventore. Laboriosam labore voluptatem ducimus nihil omnis ratione. Non iste laboriosam maxime porro. Deserunt non molestiae qui ipsam excepturi adipisci esse.', 25, '2018-07-15 10:11:44', '2018-07-15 10:11:44'),
(44, 'accusamus', 401, 2, 'Vel non nulla labore sed. Accusamus alias minus et ex dolorum voluptatum quia. Corrupti perspiciatis alias aut fuga dolore dolores.', 5, '2018-07-15 10:11:44', '2018-07-15 10:11:44'),
(45, 'quaerat', 399, 2, 'Molestias perspiciatis ducimus et porro ut molestiae sit. Quibusdam et exercitationem recusandae maxime aut quibusdam. Nobis quod a ab consequatur.', 16, '2018-07-15 10:11:44', '2018-07-15 10:11:44'),
(46, 'et', 494, 5, 'Quis eveniet deleniti eaque aut recusandae aut. Consequatur ipsum atque ea et provident enim consequatur. Sit voluptatem voluptates alias.', 9, '2018-07-15 10:11:45', '2018-07-15 10:11:45'),
(47, 'eum', 831, 5, 'Itaque temporibus ut debitis consequatur ut consequatur ab beatae. Id eaque reprehenderit omnis nemo aut. Saepe ut eum fuga ullam ut laudantium accusamus. Maxime et beatae ipsa deleniti occaecati.', 21, '2018-07-15 10:11:45', '2018-07-15 10:11:45'),
(48, 'tempora', 700, 5, 'Rerum rerum perferendis ea aut et veniam. Eaque maxime est in modi debitis. Sit mollitia et autem consectetur et cupiditate minus atque.', 12, '2018-07-15 10:11:45', '2018-07-15 10:11:45'),
(49, 'omnis', 874, 2, 'Neque et inventore vel ullam rerum. Necessitatibus soluta odit repellat libero vel impedit corrupti. Repellendus totam alias possimus.', 6, '2018-07-15 10:11:45', '2018-07-15 10:11:45'),
(51, 'i phonezx 8', 150, 10, 'Owesome phone set', 50, '2018-07-28 01:01:07', '2018-07-28 01:01:07'),
(52, 'Samsung Galaxy 8 updated', 110, 30, 'Samsung Galaxy 8 preety phone update', 10, '2018-07-28 01:11:13', '2018-07-28 01:53:22');

-- --------------------------------------------------------

--
-- Table structure for table `reviews`
--

CREATE TABLE `reviews` (
  `id` int(10) UNSIGNED NOT NULL,
  `product_id` int(10) UNSIGNED NOT NULL,
  `customer` varchar(255) COLLATE utf8mb4_unicode_ci NOT NULL,
  `review` text COLLATE utf8mb4_unicode_ci NOT NULL,
  `star` int(11) NOT NULL,
  `created_at` timestamp NULL DEFAULT NULL,
  `updated_at` timestamp NULL DEFAULT NULL
) ENGINE=InnoDB DEFAULT CHARSET=utf8mb4 COLLATE=utf8mb4_unicode_ci;

--
-- Dumping data for table `reviews`
--

INSERT INTO `reviews` (`id`, `product_id`, `customer`, `review`, `star`, `created_at`, `updated_at`) VALUES
(2, 8, 'Dr. Orie Bernier DDS', 'Voluptatum est veniam tempora neque deserunt. Porro et sint sed dolores nihil libero blanditiis. Quia quia quo corporis dignissimos quis dolorem delectus.', 4, '2018-07-15 10:11:48', '2018-07-15 10:11:48'),
(3, 25, 'Kayley Lowe', 'Ea nam ipsum mollitia ullam cumque. Molestiae incidunt quas est laudantium blanditiis qui. Enim dignissimos voluptatem quam voluptatum possimus corrupti. Qui quia numquam deserunt et veniam est. Quo dolorum sunt ut repudiandae dignissimos.', 1, '2018-07-15 10:11:48', '2018-07-15 10:11:48'),
(5, 3, 'Mrs. Theresia Rodriguez IV', 'Ut repellat sed est possimus neque qui illum. Est necessitatibus numquam fuga rerum. Sunt facere iusto tempore neque perspiciatis.', 0, '2018-07-15 10:11:49', '2018-07-15 10:11:49'),
(6, 13, 'Dr. Jordan McGlynn II', 'Eos soluta molestiae non magni qui quis. Excepturi nesciunt est voluptatum enim in.', 4, '2018-07-15 10:11:49', '2018-07-15 10:11:49'),
(7, 28, 'Lavina Hauck IV', 'Delectus similique et consequatur est eaque. Eligendi qui quod rerum nulla voluptatibus totam est. Quidem placeat qui sed voluptates quod accusamus.', 3, '2018-07-15 10:11:49', '2018-07-15 10:11:49'),
(8, 9, 'Camylle Murazik', 'Eveniet asperiores illum voluptatibus ratione. Quisquam et adipisci sed. Quia praesentium odit qui est soluta. Velit beatae quisquam nulla voluptatibus deleniti.', 5, '2018-07-15 10:11:49', '2018-07-15 10:11:49'),
(9, 4, 'Angelina Ankunding', 'In illum illo consequatur omnis nisi voluptates quos dolorem. Dignissimos error aperiam voluptatem maxime amet. Natus qui aut voluptate voluptate voluptas nulla consequatur odit.', 2, '2018-07-15 10:11:49', '2018-07-15 10:11:49'),
(10, 9, 'Filomena Casper', 'Adipisci facere rem nam delectus eum. Quo nihil blanditiis in velit. Perferendis quo nisi qui rem natus. Odit qui ab molestias vel quas.', 4, '2018-07-15 10:11:49', '2018-07-15 10:11:49'),
(11, 38, 'Adela Johns', 'Repudiandae officia suscipit quidem minima voluptatem dolorum ullam dolores. Atque minus exercitationem cupiditate voluptatum quo animi similique nihil. Laudantium impedit nihil tempora aliquid eos expedita asperiores officia.', 2, '2018-07-15 10:11:49', '2018-07-15 10:11:49'),
(12, 47, 'Kristofer Mraz', 'Accusantium quia velit nihil cupiditate aut. Autem ea aut repudiandae quibusdam. Vel qui est molestias maxime.', 4, '2018-07-15 10:11:49', '2018-07-15 10:11:49'),
(13, 33, 'Prof. Lowell Kessler I', 'Reprehenderit dolore quas sunt quae voluptatem ullam atque. Saepe voluptate velit quibusdam qui dolor cum et. Molestiae exercitationem quis enim iusto pariatur.', 0, '2018-07-15 10:11:49', '2018-07-15 10:11:49'),
(14, 28, 'Ramiro Weissnat', 'Ipsum quas quibusdam id explicabo. At facere commodi quia debitis mollitia. Et labore ut nihil aut id modi.', 4, '2018-07-15 10:11:49', '2018-07-15 10:11:49'),
(15, 16, 'Kiera Kuphal', 'Nemo quia praesentium et nostrum necessitatibus natus. Eveniet eum rerum ipsum.', 0, '2018-07-15 10:11:49', '2018-07-15 10:11:49'),
(17, 2, 'Clifford Wiegand', 'Sit dolorem a dolores. Totam veritatis explicabo molestiae molestias. Illum reprehenderit mollitia et molestias maxime voluptatem.', 3, '2018-07-15 10:11:50', '2018-07-15 10:11:50'),
(19, 45, 'Dejon Gislason DDS', 'Consequatur a numquam tempore repudiandae dolor vitae nemo in. Eum rerum totam quis autem. Veritatis atque aut aut exercitationem.', 0, '2018-07-15 10:11:50', '2018-07-15 10:11:50'),
(20, 47, 'Prof. Kaleigh Boyer DVM', 'Rem recusandae ea necessitatibus quia rerum expedita. Ut maiores quas aut dolorem nulla. Sint nemo sint laboriosam quod.', 4, '2018-07-15 10:11:50', '2018-07-15 10:11:50'),
(21, 43, 'Norval Lemke', 'Et rerum ullam quia saepe fugiat at tempora. Soluta pariatur ut fuga et. Sint et non alias distinctio nobis.', 5, '2018-07-15 10:11:50', '2018-07-15 10:11:50'),
(22, 10, 'Ms. Ofelia Spinka PhD', 'Assumenda autem esse nihil ipsam repudiandae eos. Dignissimos sunt vero eos esse delectus debitis. Illum enim dolores aspernatur vero neque. Eaque ipsa dignissimos id dolor vitae.', 2, '2018-07-15 10:11:50', '2018-07-15 10:11:50'),
(23, 47, 'Nat Funk DDS', 'Earum aliquid nihil qui velit quae quaerat. Non accusantium animi quis est repudiandae animi. Quae consectetur doloribus temporibus voluptates. Aut voluptas aliquam voluptatem quisquam.', 4, '2018-07-15 10:11:50', '2018-07-15 10:11:50'),
(24, 30, 'Jack Collins V', 'Natus quia veritatis distinctio odio occaecati possimus ut. Ipsum et porro enim ea quis. Facere ut asperiores totam libero consequatur aut dolores. Aut reiciendis hic sint molestias consectetur excepturi.', 2, '2018-07-15 10:11:50', '2018-07-15 10:11:50'),
(25, 45, 'Madisen Altenwerth', 'Neque quibusdam recusandae enim sint. Aperiam est voluptatem nemo assumenda est. Optio et reiciendis dolores maiores vel. Quisquam recusandae et maxime consectetur recusandae.', 0, '2018-07-15 10:11:51', '2018-07-15 10:11:51'),
(26, 9, 'Mr. Rafael Franecki', 'Unde non aspernatur recusandae expedita aliquam. Consectetur molestiae adipisci nisi dolore. Voluptatem provident amet qui voluptatum tempora tempora esse. Vero voluptas assumenda non in est voluptates sunt.', 2, '2018-07-15 10:11:51', '2018-07-15 10:11:51'),
(28, 5, 'Isabella Bartoletti', 'Reiciendis rem repellendus aut blanditiis possimus dolorem aut. Eligendi veritatis delectus animi ratione. Dolores debitis corrupti ut modi. Sapiente enim consequuntur molestiae ea et porro facilis.', 4, '2018-07-15 10:11:51', '2018-07-15 10:11:51'),
(29, 37, 'Einar Sipes II', 'Consectetur aut molestiae consequatur iure. Ea blanditiis adipisci est laudantium. Consectetur nesciunt ipsa aut autem rerum est ratione.', 5, '2018-07-15 10:11:51', '2018-07-15 10:11:51'),
(30, 25, 'Vince Kozey', 'Voluptas quas reprehenderit nisi repellat. Voluptatem cum ea delectus numquam. Non laborum quam molestiae voluptatem aut voluptatem. Ullam ea provident harum doloribus.', 3, '2018-07-15 10:11:51', '2018-07-15 10:11:51'),
(31, 8, 'Prof. Theodore Kuhlman Jr.', 'Amet repellendus autem non corrupti ab maiores. Fugiat excepturi quaerat exercitationem voluptatem. Ad saepe consequatur autem.', 1, '2018-07-15 10:11:51', '2018-07-15 10:11:51'),
(32, 6, 'Eleanore Huel', 'Enim dolorem ipsum rerum et qui. Porro beatae blanditiis ducimus veritatis. Eos sapiente libero rerum et ipsa illo occaecati suscipit.', 4, '2018-07-15 10:11:51', '2018-07-15 10:11:51'),
(33, 35, 'Roxane Jenkins', 'Tenetur excepturi nemo repudiandae. Rerum autem quis soluta ab est. Ut quis quam soluta dolore. Et hic animi ut voluptatem.', 5, '2018-07-15 10:11:51', '2018-07-15 10:11:51'),
(34, 10, 'Akeem Reichert V', 'Quis omnis recusandae incidunt dolores distinctio repudiandae cum. Illo minima voluptatem quia eius est ut. Qui nisi laborum eum explicabo repellendus qui. Similique aliquid vel dolorem perferendis aut dolor vero.', 5, '2018-07-15 10:11:51', '2018-07-15 10:11:51'),
(35, 8, 'Prof. Gerson Sauer IV', 'Ad architecto debitis numquam nisi. Iusto soluta neque alias eos et omnis animi. Est temporibus occaecati illum in totam vitae repudiandae.', 1, '2018-07-15 10:11:51', '2018-07-15 10:11:51'),
(36, 39, 'Presley Osinski', 'Nihil ut consequatur ea voluptatem sequi similique. Consequuntur voluptatem amet esse non. Unde inventore eos dolorum qui. Rem libero mollitia sed aut sed et.', 1, '2018-07-15 10:11:52', '2018-07-15 10:11:52'),
(37, 36, 'Dr. Giovanny Rath', 'Vero omnis natus fuga aut omnis delectus aliquam. Quam autem quisquam recusandae aut. Nemo quae consequatur voluptatum hic velit est.', 0, '2018-07-15 10:11:52', '2018-07-15 10:11:52'),
(38, 4, 'Thomas Mayer', 'Optio omnis sed facere repellendus. Voluptates eveniet iure ducimus odio quae. Et cupiditate ut ut est distinctio illo quos.', 5, '2018-07-15 10:11:52', '2018-07-15 10:11:52'),
(39, 20, 'Ava Witting', 'Facilis inventore aspernatur officiis sit consequuntur ea. Est tempore deserunt quae aliquid non omnis et id. Sed quia repellendus sed aut est iste dicta.', 1, '2018-07-15 10:11:52', '2018-07-15 10:11:52'),
(40, 10, 'Florine Treutel', 'Tenetur qui quae sequi culpa consequatur molestias sit quas. Error incidunt nam eaque ullam qui qui. Aut vero aut est est non esse. Ullam veniam quos eaque sint quibusdam quis voluptate.', 1, '2018-07-15 10:11:52', '2018-07-15 10:11:52'),
(41, 47, 'Esteban Greenfelder', 'Veniam ipsam quae et perspiciatis iure beatae corporis. Quos molestias aut provident sit. Beatae iste recusandae est qui. Eius harum non omnis necessitatibus ullam. Maiores excepturi facere possimus est vel quisquam.', 1, '2018-07-15 10:11:52', '2018-07-15 10:11:52'),
(42, 19, 'Ian Muller', 'At omnis hic praesentium minima debitis. Debitis voluptatibus culpa neque fuga assumenda. Sapiente iure quia aut dolorem dolores quia. Qui id quaerat alias natus. Est labore asperiores perspiciatis sed in.', 0, '2018-07-15 10:11:52', '2018-07-15 10:11:52'),
(43, 45, 'Clementine Dach', 'Doloremque iure optio quia amet. Nemo omnis voluptas et non ratione. Et quo et sed molestiae quis impedit est.', 3, '2018-07-15 10:11:52', '2018-07-15 10:11:52'),
(44, 10, 'Elroy Roob', 'Ut aspernatur ipsa voluptates dolorem quo. Vel consequatur autem fugit dignissimos beatae enim voluptatibus. Natus magni omnis reiciendis id iusto rerum. Voluptatem voluptatem quod amet est et.', 5, '2018-07-15 10:11:52', '2018-07-15 10:11:52'),
(46, 25, 'Micaela Kovacek', 'Repellat voluptates consequatur deserunt quos est ea autem. Eum eos velit eos doloremque unde possimus. Qui enim consequatur atque id. Commodi eaque quo rem. Ipsa autem eos assumenda velit esse ut exercitationem.', 5, '2018-07-15 10:11:52', '2018-07-15 10:11:52'),
(47, 47, 'Mackenzie Haley', 'In accusamus et id enim. Voluptatem qui vel quia est dolores maiores repellat. Dicta repellat ratione et dolor amet et et. Non cum soluta itaque veniam ut enim deleniti.', 3, '2018-07-15 10:11:52', '2018-07-15 10:11:52'),
(48, 8, 'Dr. Kenton Parker Jr.', 'Mollitia iusto sint cumque quia similique. Iste fuga voluptas reprehenderit sint est eos. Id expedita culpa quia assumenda dolorum officia.', 2, '2018-07-15 10:11:52', '2018-07-15 10:11:52'),
(49, 32, 'Miss Earnestine Hirthe', 'Est incidunt aut qui expedita. Nihil nisi nisi facere. Debitis neque sint debitis labore sit. Amet natus ea quia.', 3, '2018-07-15 10:11:52', '2018-07-15 10:11:52'),
(50, 31, 'Leonor Green Jr.', 'Quae ipsa recusandae exercitationem quod eos. Et explicabo soluta excepturi soluta mollitia quis. Cumque est quod aspernatur ipsa sed.', 0, '2018-07-15 10:11:53', '2018-07-15 10:11:53'),
(51, 31, 'Ryleigh Wehner', 'Maxime est excepturi velit veniam animi. Amet eaque quibusdam officia. Atque quaerat iusto voluptas nihil consequatur ex. Nam laboriosam dignissimos voluptatibus ad animi.', 2, '2018-07-15 10:11:53', '2018-07-15 10:11:53'),
(52, 45, 'Bruce Terry', 'Aut libero architecto dolorum vero sint maxime officia. Error atque et ut aut aut voluptatem similique. Impedit est iste laborum debitis enim et omnis. Aliquam inventore id sed qui dolore atque.', 0, '2018-07-15 10:11:53', '2018-07-15 10:11:53'),
(53, 31, 'Sandrine Ondricka', 'Expedita molestiae voluptas sed saepe officiis magnam. Perferendis molestiae reprehenderit harum aliquid consequatur libero est. Ipsa quas voluptatibus dicta animi. Nostrum quia et quisquam corrupti quia.', 1, '2018-07-15 10:11:53', '2018-07-15 10:11:53'),
(54, 21, 'Prof. Kevon Harber V', 'Deserunt velit id fugit sint molestiae. Modi voluptates neque culpa. Enim et voluptas molestiae voluptas quidem reiciendis.', 5, '2018-07-15 10:11:53', '2018-07-15 10:11:53'),
(55, 7, 'Liam Pfeffer', 'Debitis quibusdam nemo corporis nisi mollitia. Ut facilis cumque ullam voluptas ut. Est commodi provident odio esse iusto dolore accusamus.', 4, '2018-07-15 10:11:53', '2018-07-15 10:11:53'),
(56, 29, 'Ethan Price', 'Laudantium et sint enim. Explicabo eum et est rerum sed. Labore vel aut porro laudantium. Vel deserunt totam excepturi.', 5, '2018-07-15 10:11:53', '2018-07-15 10:11:53'),
(57, 43, 'Mossie Daniel', 'Quia doloremque officiis ut adipisci vero aut sunt. Nihil natus dolorum temporibus nobis. Nam repellat minima est eveniet repudiandae. Quam non dicta consequatur et.', 2, '2018-07-15 10:11:53', '2018-07-15 10:11:53'),
(58, 41, 'Dr. Veda Hessel', 'Optio velit placeat neque non dolorem modi praesentium. Deserunt sunt aspernatur eum et possimus.', 5, '2018-07-15 10:11:53', '2018-07-15 10:11:53'),
(59, 30, 'Dexter Grimes', 'Et consectetur consequuntur quia aut ut nesciunt. Id quibusdam totam eligendi ut. Et eos et sit culpa aliquam. At commodi laboriosam perspiciatis culpa. Ut vel officiis perspiciatis enim itaque.', 4, '2018-07-15 10:11:53', '2018-07-15 10:11:53'),
(60, 26, 'Ms. Emmalee Purdy', 'Sint sed dolores sed fugit et. Ea nemo beatae voluptatum odit est voluptas nobis. Cum et voluptatem modi libero numquam optio.', 0, '2018-07-15 10:11:53', '2018-07-15 10:11:53'),
(62, 18, 'Dee Hegmann MD', 'Est et est ducimus repudiandae ut. Consequatur quaerat ea et natus in dolor. Et hic voluptatibus nobis quia corrupti. Vero aut natus in numquam mollitia perferendis error.', 1, '2018-07-15 10:11:53', '2018-07-15 10:11:53'),
(63, 22, 'Mr. Vance Boyer MD', 'Deleniti rerum sapiente in non et itaque. Maxime rerum eveniet et rerum quibusdam dolorem. Et pariatur ut praesentium.', 2, '2018-07-15 10:11:53', '2018-07-15 10:11:53'),
(64, 20, 'Lonny Crist', 'Fugit voluptatem eius sed aperiam sed qui. Ipsum quo tempore omnis velit. Nemo inventore sequi laboriosam ad illo velit non. Eligendi recusandae iure blanditiis exercitationem nam explicabo nemo.', 5, '2018-07-15 10:11:53', '2018-07-15 10:11:53'),
(65, 28, 'Celestine Rogahn', 'Eligendi dignissimos iusto id voluptate hic. Eligendi non quaerat velit mollitia et quod doloribus tempora. Praesentium ut sed aut qui esse itaque.', 3, '2018-07-15 10:11:53', '2018-07-15 10:11:53'),
(67, 5, 'Margarett Kohler', 'Id sequi nostrum asperiores tenetur. Soluta inventore fuga temporibus magnam omnis totam. Est placeat facere qui non. Omnis non recusandae dicta repudiandae dolores.', 0, '2018-07-15 10:11:53', '2018-07-15 10:11:53'),
(68, 32, 'Delmer Block', 'Odit assumenda voluptatem omnis et sed. Iusto nihil voluptatibus sequi itaque. Animi perspiciatis rerum provident consequatur reprehenderit sed numquam. Non deleniti consequatur consequatur provident aut.', 4, '2018-07-15 10:11:53', '2018-07-15 10:11:53'),
(69, 6, 'Miss Viviane Bartell', 'Consequatur nobis sunt officiis est et quibusdam. Earum fuga cum corporis quos illum. In rerum iusto eius eligendi ducimus.', 0, '2018-07-15 10:11:54', '2018-07-15 10:11:54'),
(70, 13, 'Anika Morissette', 'Nesciunt et consectetur dolorem explicabo iusto laudantium. Unde distinctio vel qui omnis. Sit laboriosam fugit non dolore consectetur harum. Enim voluptas voluptas totam voluptas dignissimos impedit consectetur.', 3, '2018-07-15 10:11:54', '2018-07-15 10:11:54'),
(71, 42, 'Garth Johnston', 'Minima qui deserunt harum voluptatibus. Dolore voluptate sit suscipit sit necessitatibus ut. Aspernatur voluptatem consectetur porro quos nemo. Quo quia architecto expedita sequi autem. Nobis dolorem cum occaecati autem ab.', 2, '2018-07-15 10:11:54', '2018-07-15 10:11:54'),
(72, 26, 'Ardith Runte', 'Ab laborum aut est dicta eligendi eos. Voluptate repellendus et ipsam laborum nisi necessitatibus. Ut eum hic atque debitis. Dolor ut quis nihil quaerat.', 2, '2018-07-15 10:11:54', '2018-07-15 10:11:54'),
(73, 36, 'Tanya Frami', 'Est fugit quam voluptates recusandae sed architecto. Natus vitae maxime nihil. Aut corporis in et illo recusandae sunt. Iste possimus iste quibusdam.', 3, '2018-07-15 10:11:54', '2018-07-15 10:11:54'),
(74, 48, 'Anabelle Gaylord', 'Dolorum voluptas corporis quidem quod nostrum. Doloremque molestiae voluptas quae possimus deserunt aut blanditiis. Odio molestias porro et eum soluta voluptas.', 1, '2018-07-15 10:11:54', '2018-07-15 10:11:54'),
(75, 6, 'Alanis Schimmel', 'Praesentium nostrum id nihil dolorem. Qui quos impedit rerum labore aut sed laboriosam. Consequatur ut consectetur est quam dicta nam deleniti.', 3, '2018-07-15 10:11:54', '2018-07-15 10:11:54'),
(76, 32, 'Martine Davis DVM', 'Odit sit vero atque nobis. Earum dolorem eos aut quod non et iusto. Hic deleniti consequatur quis facilis non. Recusandae ea quia quo et fuga deserunt in.', 5, '2018-07-15 10:11:54', '2018-07-15 10:11:54'),
(77, 33, 'Glenna Krajcik', 'Voluptates sit dicta officiis alias dolorem ut perspiciatis. Doloremque quas quia doloremque consequuntur voluptas sit distinctio. Nulla tempora est eveniet necessitatibus at qui.', 2, '2018-07-15 10:11:54', '2018-07-15 10:11:54'),
(78, 39, 'Ashlynn Hills', 'Impedit molestiae saepe vero rerum. Omnis voluptas quis nam ea quidem non fugit perferendis. Quo alias assumenda mollitia laborum cumque harum dolorem doloribus. Enim officiis vel est quidem et.', 5, '2018-07-15 10:11:54', '2018-07-15 10:11:54'),
(80, 48, 'Devonte Miller', 'Eum aliquid totam est quos voluptatem. Magni sit odio qui officia saepe autem et. Ut ut ea est et commodi. Tempora soluta voluptatem qui. Culpa voluptatem esse laborum quisquam dolore corrupti vel itaque.', 2, '2018-07-15 10:11:54', '2018-07-15 10:11:54'),
(81, 6, 'Prof. Henry Balistreri', 'Et consectetur blanditiis cupiditate error. Eveniet id perferendis eius qui. Nulla recusandae sint minima magnam. Aliquid fugit quaerat voluptatem nisi omnis est.', 5, '2018-07-15 10:11:54', '2018-07-15 10:11:54'),
(82, 29, 'Malvina Lynch', 'Molestias id ipsa voluptatum vitae nesciunt et. Sint vel inventore possimus delectus qui ut omnis. Temporibus fugiat quia et. At delectus sit in.', 0, '2018-07-15 10:11:55', '2018-07-15 10:11:55'),
(83, 2, 'Golda Mohr II', 'Officiis enim et voluptate qui laboriosam. Nisi ut placeat quisquam assumenda consectetur velit. Quod et reprehenderit at quidem rerum. Aperiam sint officia laborum recusandae.', 2, '2018-07-15 10:11:55', '2018-07-15 10:11:55'),
(84, 15, 'Briana Maggio', 'Dolor omnis explicabo sequi deleniti qui. Voluptatem sint quo sit aut et a incidunt enim. Ab ut placeat fugit numquam vel qui.', 4, '2018-07-15 10:11:55', '2018-07-15 10:11:55'),
(85, 16, 'Dr. Leon Jacobs', 'Eum assumenda et vero ipsum quidem molestias. Facilis nihil delectus quis odio deleniti aperiam fugit fugit. Ut aut earum et et laboriosam et assumenda.', 4, '2018-07-15 10:11:55', '2018-07-15 10:11:55'),
(86, 16, 'Halie Fisher', 'Ratione dolor ullam suscipit ut quia sed. Molestiae explicabo quo porro magni quibusdam. Eum esse molestiae quisquam a. Et eos quibusdam laboriosam culpa tenetur aperiam omnis.', 0, '2018-07-15 10:11:55', '2018-07-15 10:11:55'),
(87, 10, 'Seamus Paucek PhD', 'Corporis distinctio reprehenderit et. Et iste dolorem illum repellat velit magnam voluptate omnis. Occaecati quibusdam pariatur consectetur enim. Laborum asperiores consectetur distinctio facere est.', 2, '2018-07-15 10:11:55', '2018-07-15 10:11:55'),
(88, 25, 'Erik Rempel', 'Earum eaque magnam cum autem. Eveniet eum similique soluta officia earum. Itaque dolorem fugiat eos aperiam sit. Officiis eum omnis itaque ut.', 4, '2018-07-15 10:11:55', '2018-07-15 10:11:55'),
(89, 7, 'Cullen Pagac', 'Voluptatem cum sed enim id id sed. Rerum enim eos voluptatem pariatur vel. Pariatur nobis rerum quibusdam officia aperiam eveniet fugit laborum.', 0, '2018-07-15 10:11:55', '2018-07-15 10:11:55'),
(90, 13, 'Catherine Ullrich', 'Et vitae sit voluptas sed iusto nihil doloribus. Veniam omnis quasi incidunt velit velit. Et quos ad rerum hic temporibus. Enim est illo perferendis et occaecati.', 0, '2018-07-15 10:11:55', '2018-07-15 10:11:55'),
(91, 39, 'Mrs. Dominique Kiehn II', 'Corporis consectetur quia similique id sit. Nemo culpa eaque qui nam ullam omnis. Impedit porro et id ut quod similique enim. Sint qui sed facilis quod ullam.', 2, '2018-07-15 10:11:55', '2018-07-15 10:11:55'),
(92, 27, 'Mr. Jadon Graham DVM', 'Quia natus eligendi et ex aperiam hic. Aliquid omnis veritatis nam voluptas. Modi repudiandae accusamus tempore. Et explicabo eum voluptatem vel explicabo quisquam. Voluptas aut sit distinctio eius.', 3, '2018-07-15 10:11:55', '2018-07-15 10:11:55'),
(93, 9, 'Prof. Cortez Bahringer IV', 'Dolores qui dignissimos velit sit. Ut officia id officiis aliquid quod. Quasi rerum doloremque et fugit.', 5, '2018-07-15 10:11:55', '2018-07-15 10:11:55'),
(94, 39, 'Una Schaefer', 'Aliquam sed vel autem quia inventore quas. Vero doloremque nobis id qui. Et quidem maiores quidem rem culpa et sunt quisquam. Ut soluta in et neque amet culpa.', 2, '2018-07-15 10:11:55', '2018-07-15 10:11:55'),
(95, 48, 'Marcelino Wehner', 'Totam et ex eum delectus quia. Ex similique itaque eius ullam.', 2, '2018-07-15 10:11:55', '2018-07-15 10:11:55'),
(96, 39, 'Carlo Gleichner', 'Qui molestias minima et dolores autem. Deserunt est autem quis minus impedit rerum eum nam. Libero ab delectus repudiandae expedita consequuntur ea.', 3, '2018-07-15 10:11:55', '2018-07-15 10:11:55'),
(97, 23, 'Terrence Kuphal I', 'Cumque modi dolores corrupti aut dolores. Voluptatibus quo quia adipisci non voluptatum qui eos.', 4, '2018-07-15 10:11:55', '2018-07-15 10:11:55'),
(98, 4, 'Darien Casper V', 'Fuga aliquam aut dolorum quis. Itaque vitae ipsum nemo magni. Illum quam enim voluptatem iste.', 0, '2018-07-15 10:11:55', '2018-07-15 10:11:55'),
(99, 44, 'Myles Russel', 'Dicta ut perspiciatis dolorum rerum voluptas. Eum laudantium odio dolores porro consequatur id corrupti. Aspernatur quod repellendus occaecati sit ut. Iste beatae hic facilis suscipit unde est voluptatem.', 2, '2018-07-15 10:11:55', '2018-07-15 10:11:55'),
(100, 4, 'Emily Hoeger', 'Non molestias beatae consequatur. Dolore sit ut omnis animi corporis consequatur id. Deserunt distinctio a ea in molestiae. Quaerat quia cupiditate illum voluptate dolorem voluptatem.', 3, '2018-07-15 10:11:56', '2018-07-15 10:11:56'),
(101, 15, 'Mustafa Wisozk', 'Consequatur ea quia voluptatibus atque omnis consequatur. Et nihil dolor odit delectus. Nobis perferendis reprehenderit et.', 3, '2018-07-15 10:11:56', '2018-07-15 10:11:56'),
(102, 17, 'Thelma Kessler', 'Iure fugiat ipsa laborum enim quae dolorum quia veniam. Error officia exercitationem iure reiciendis. Similique dolor similique nihil dolorem earum ut provident voluptatibus.', 5, '2018-07-15 10:11:56', '2018-07-15 10:11:56'),
(103, 49, 'Isadore Lynch', 'Neque quo eum est autem similique est sint quia. Dolores voluptas incidunt et dolor modi laudantium iure. Quae corrupti nam ab impedit earum illum delectus. Non et harum fugit fugiat delectus aut excepturi.', 1, '2018-07-15 10:11:56', '2018-07-15 10:11:56'),
(104, 33, 'Letitia Dietrich', 'Commodi ratione facere debitis consectetur ad neque molestiae. Accusamus aut quia quasi sunt.', 3, '2018-07-15 10:11:56', '2018-07-15 10:11:56'),
(105, 43, 'Breana Morar IV', 'Omnis similique aliquam ab similique qui consequuntur eius. Eum sed minima ut omnis. Molestiae debitis consequuntur voluptates neque ea voluptas ullam. Totam qui hic veritatis.', 2, '2018-07-15 10:11:56', '2018-07-15 10:11:56'),
(106, 22, 'Prof. Robin Jerde', 'Perferendis et consequatur eos quis. Fuga esse ut quia laboriosam. Quos facere eaque illum officia. Aut totam autem architecto voluptatem dicta velit mollitia.', 3, '2018-07-15 10:11:56', '2018-07-15 10:11:56'),
(107, 4, 'Miss Dessie Quigley', 'Et voluptatem et animi voluptatem velit aperiam. Omnis tempora officiis at omnis. Officiis et fugiat eum vel omnis.', 3, '2018-07-15 10:11:56', '2018-07-15 10:11:56'),
(108, 31, 'Jaquelin Tromp', 'Maxime inventore aut ut inventore ut aut nihil. Est neque ut fuga consectetur nam eos eos. Voluptas aliquid sapiente quas.', 0, '2018-07-15 10:11:56', '2018-07-15 10:11:56'),
(109, 10, 'Deven Zulauf', 'Natus ea pariatur non labore deserunt delectus. Ullam sed ipsam itaque ipsum expedita. Eaque itaque ad deserunt corporis.', 4, '2018-07-15 10:11:56', '2018-07-15 10:11:56'),
(110, 28, 'Shakira Mann', 'Consequatur illum quo dignissimos non nisi dolores culpa autem. Quos laborum voluptate sint commodi. Voluptatibus commodi et dolor ab cum voluptatem debitis. Aut rerum cupiditate ut.', 0, '2018-07-15 10:11:56', '2018-07-15 10:11:56'),
(111, 19, 'Prof. Howell West DDS', 'Qui atque labore eveniet quibusdam qui. Nobis fugiat non voluptate esse fugit eaque rem.', 4, '2018-07-15 10:11:56', '2018-07-15 10:11:56'),
(112, 35, 'Eldridge Weber', 'Ut eligendi perferendis quos sit. Aut aut porro aspernatur sunt possimus ipsum voluptas qui. Ipsum quo ipsam reprehenderit commodi alias voluptatem quas.', 0, '2018-07-15 10:11:57', '2018-07-15 10:11:57'),
(113, 42, 'Grant Price', 'Repellendus quis tempora eaque fugiat. Tenetur molestiae veritatis illo. Incidunt debitis eos voluptates dolor fugit. Id repellat sequi qui dignissimos.', 5, '2018-07-15 10:11:57', '2018-07-15 10:11:57'),
(114, 15, 'Granville Abernathy', 'Tempore quis incidunt consequatur deleniti sed. Aperiam veniam distinctio magni officiis magnam facilis. Dicta molestiae maiores delectus reprehenderit explicabo. Est quos qui sed qui vel doloremque.', 3, '2018-07-15 10:11:57', '2018-07-15 10:11:57'),
(115, 33, 'Darren Boyle', 'Veniam nihil repellendus aut autem voluptatem nobis. Reiciendis ipsa perferendis quam ut. Beatae non at et dolore quae sint id. Recusandae dolor maiores eaque odio.', 0, '2018-07-15 10:11:57', '2018-07-15 10:11:57'),
(117, 11, 'Deanna Robel', 'Nesciunt aut velit et sunt quo. Neque optio et aperiam voluptatem neque accusamus. Voluptatum quis ea adipisci explicabo voluptates laboriosam quis. Est non esse omnis rem.', 0, '2018-07-15 10:11:57', '2018-07-15 10:11:57'),
(118, 44, 'Prof. Ansley Swaniawski', 'Excepturi voluptatibus quos commodi vitae architecto corporis eveniet. Facilis nesciunt tenetur autem quo quia. Sint nostrum consequuntur hic.', 0, '2018-07-15 10:11:57', '2018-07-15 10:11:57'),
(120, 8, 'Lonzo Sauer', 'Qui voluptatibus ipsum et est eos. Totam aperiam a et est aliquam. Et reprehenderit neque ea vel et fuga praesentium.', 2, '2018-07-15 10:11:57', '2018-07-15 10:11:57'),
(121, 32, 'Aimee Hermann', 'Eveniet sed voluptas nulla fugit nostrum. Suscipit nihil pariatur itaque veritatis libero est. Est aut consequatur quia laborum qui rem sed. Pariatur distinctio suscipit sint et est. Odit ut eveniet laborum error.', 1, '2018-07-15 10:11:57', '2018-07-15 10:11:57'),
(122, 25, 'Deanna Senger DDS', 'Esse velit corrupti necessitatibus expedita eius velit. Accusantium inventore incidunt itaque repellendus deserunt cum. A porro et suscipit voluptatem laborum. Rerum facilis excepturi sint dolor eos possimus.', 3, '2018-07-15 10:11:57', '2018-07-15 10:11:57'),
(123, 12, 'Mr. Donald Luettgen PhD', 'Exercitationem dolorem earum totam suscipit quos. Sit id laboriosam id sit beatae adipisci deserunt cum. Ab aut id dicta aut aut.', 2, '2018-07-15 10:11:57', '2018-07-15 10:11:57'),
(124, 3, 'Enola Bode', 'Vitae nesciunt et qui illo exercitationem. Est iure est dolores tenetur soluta aperiam. Enim et nihil et nisi. Quia repellendus sint consequatur similique excepturi autem cum.', 3, '2018-07-15 10:11:57', '2018-07-15 10:11:57'),
(125, 30, 'Lori Hirthe', 'Quisquam fugit minus illo labore. Dolores optio ullam alias nesciunt odio. Tempora reiciendis eos laudantium et et et itaque. Consectetur est quidem eius quos.', 2, '2018-07-15 10:11:57', '2018-07-15 10:11:57'),
(126, 13, 'Lamont Baumbach', 'Natus eum itaque iste fugiat dolore iste cupiditate. Explicabo sed fuga optio necessitatibus aut aut. Dolore consequuntur itaque ipsam qui pariatur.', 5, '2018-07-15 10:11:57', '2018-07-15 10:11:57'),
(127, 45, 'Kira O\'Hara', 'Qui quidem mollitia aperiam eligendi sint laudantium. Dolor praesentium assumenda atque itaque totam eveniet. Non quia corporis hic labore. Aliquid ut est eos rerum sit ad.', 1, '2018-07-15 10:11:57', '2018-07-15 10:11:57'),
(128, 27, 'Maryam O\'Kon', 'Explicabo omnis recusandae animi aliquid voluptas quod. Fugiat totam dolor dolor necessitatibus. Et nesciunt voluptas assumenda distinctio.', 3, '2018-07-15 10:11:57', '2018-07-15 10:11:57'),
(129, 44, 'Lily Bode', 'Saepe aspernatur excepturi assumenda voluptatibus nemo. Facere qui praesentium animi tempora sed fugit. Eaque perspiciatis ut nisi maxime omnis.', 4, '2018-07-15 10:11:58', '2018-07-15 10:11:58'),
(130, 3, 'Kelli Kreiger', 'Debitis incidunt ea dolores sit voluptatum assumenda impedit. Ut perferendis et quas reiciendis vero inventore. Voluptatem libero dolor quos culpa voluptates sed eveniet.', 5, '2018-07-15 10:11:58', '2018-07-15 10:11:58'),
(131, 22, 'Ms. Ellen Auer', 'Excepturi dolor ut dolor. Excepturi maxime voluptatum voluptates ea. Ducimus dignissimos sit repudiandae soluta ea.', 3, '2018-07-15 10:11:58', '2018-07-15 10:11:58'),
(132, 15, 'Ozella Yundt', 'Impedit ut qui molestiae qui libero earum voluptatibus exercitationem. Ut ullam numquam molestias molestias ut saepe.', 3, '2018-07-15 10:11:58', '2018-07-15 10:11:58'),
(133, 46, 'Kris Huel', 'Repellendus at asperiores sit tempore sint non voluptates. Sed dignissimos cum quidem consectetur. Consequatur minus architecto quidem ipsum deleniti officiis.', 5, '2018-07-15 10:11:58', '2018-07-15 10:11:58'),
(134, 6, 'Palma Stroman', 'Possimus recusandae qui dolorem cumque. Odit ea consequatur et quo aut. Eos quod voluptatem itaque fugit dolorem. Sint quo doloremque facilis fugit unde.', 3, '2018-07-15 10:11:58', '2018-07-15 10:11:58'),
(135, 13, 'Sabrina Bauch II', 'Earum nesciunt accusamus esse minima delectus dignissimos veritatis aut. In fuga velit aut nam pariatur alias fugiat. Magnam nostrum inventore et qui quae et asperiores. Adipisci commodi ea praesentium laborum iure aperiam.', 2, '2018-07-15 10:11:58', '2018-07-15 10:11:58'),
(136, 36, 'Francesco Fahey', 'Eius fugiat voluptatem quasi nostrum velit unde rerum eaque. Laudantium numquam et in exercitationem dolores reprehenderit. Saepe qui ut dolorem enim sed.', 3, '2018-07-15 10:11:58', '2018-07-15 10:11:58'),
(137, 18, 'Amely Stiedemann', 'Nesciunt dignissimos commodi ut reprehenderit eius et neque iusto. Sint debitis alias ut atque et iste autem. Expedita et porro animi omnis et quia sit qui.', 4, '2018-07-15 10:11:58', '2018-07-15 10:11:58'),
(138, 5, 'Opal Walter', 'Nihil dolores fugiat eius non placeat quisquam quos. Ad quae ducimus porro quos harum iure. Quis officia eaque sed et magnam quia. Ducimus ut commodi aut commodi.', 1, '2018-07-15 10:11:58', '2018-07-15 10:11:58'),
(140, 14, 'Houston Hane', 'Alias nesciunt voluptatem soluta officiis architecto aperiam voluptatem. Id non suscipit voluptatem dicta accusamus ut. Enim provident facilis perferendis aut autem voluptas nulla.', 2, '2018-07-15 10:11:58', '2018-07-15 10:11:58'),
(141, 38, 'Margret Sanford', 'Omnis est nulla mollitia facilis delectus qui aut. Voluptatem debitis impedit et. Autem non ratione quia a iusto vitae qui. Praesentium quia rem recusandae. Voluptas labore et veritatis maiores.', 2, '2018-07-15 10:11:58', '2018-07-15 10:11:58'),
(142, 30, 'Kobe Hudson', 'Quos ea rerum molestiae unde voluptatum est et ipsum. Rem et non illo autem dolores omnis soluta. Recusandae et ut eum qui rerum corrupti quasi.', 2, '2018-07-15 10:11:58', '2018-07-15 10:11:58'),
(143, 43, 'Vella Wuckert', 'Laudantium libero reiciendis perspiciatis voluptatem perspiciatis commodi. Voluptas totam maiores quo accusamus explicabo voluptate ratione.', 3, '2018-07-15 10:11:59', '2018-07-15 10:11:59'),
(144, 30, 'Miss Antonia Walker PhD', 'Numquam dignissimos maxime assumenda aspernatur voluptatibus ea. Blanditiis quo molestiae consequatur aut natus maiores occaecati. Aliquid praesentium ratione beatae id quis expedita laboriosam. Quod dolores sequi omnis vero ut ipsa.', 2, '2018-07-15 10:11:59', '2018-07-15 10:11:59'),
(145, 2, 'Issac Kohler', 'Aut dolor pariatur ea nesciunt facere ratione et. Illo et quia rerum ut. Laborum ut provident vitae dolore delectus distinctio maxime. Sed id assumenda et non aut quod.', 2, '2018-07-15 10:11:59', '2018-07-15 10:11:59'),
(147, 42, 'Erna Bayer', 'Asperiores quo adipisci cum aut facere qui. Consequatur hic vel quod sit ipsam ad doloribus velit. Eos aut error ut sit sapiente id ex. Et laboriosam tempore ut a fuga quibusdam vel.', 2, '2018-07-15 10:11:59', '2018-07-15 10:11:59'),
(148, 12, 'Daisy Spencer', 'Vel aut maiores laboriosam. Harum eos voluptate aut nesciunt rem aut accusamus quas. Ut illo dolore deleniti voluptatem sunt est blanditiis.', 2, '2018-07-15 10:11:59', '2018-07-15 10:11:59'),
(149, 19, 'Kaitlyn Koss', 'Molestias atque ab quasi et consequatur. Unde nihil et assumenda qui deserunt. Temporibus ratione et assumenda maiores.', 0, '2018-07-15 10:11:59', '2018-07-15 10:11:59'),
(150, 26, 'Prof. Amani Runolfsson', 'Fugit praesentium corrupti in totam qui sint incidunt. Rerum sequi rerum esse nemo hic asperiores. Aut molestias non in quia soluta ullam. Dolor nobis voluptate temporibus doloremque.', 5, '2018-07-15 10:11:59', '2018-07-15 10:11:59'),
(151, 48, 'Mrs. Leora Friesen DDS', 'Qui quisquam rem qui ut est. Minima cum distinctio iusto quia. Ad unde reprehenderit veniam autem.', 1, '2018-07-15 10:11:59', '2018-07-15 10:11:59'),
(152, 11, 'Cynthia Farrell', 'In debitis sapiente hic veritatis optio repellendus perferendis ea. Illo eum ea non dolorem aspernatur quam ipsam commodi.', 0, '2018-07-15 10:11:59', '2018-07-15 10:11:59'),
(153, 32, 'Shawna Kohler', 'Ad quam aut placeat rerum qui quod. Eligendi qui est eaque eius necessitatibus deserunt nihil. Ut eos ut totam est enim provident ipsam. Qui sit et quidem distinctio ut impedit esse.', 5, '2018-07-15 10:11:59', '2018-07-15 10:11:59'),
(154, 1, 'Orion Mertz', 'Eaque a possimus qui qui voluptatem. Nobis illum voluptatem repellat delectus iste. Amet enim dolorem dignissimos.', 5, '2018-07-15 10:11:59', '2018-07-15 10:11:59'),
(156, 8, 'Ms. Candida Aufderhar', 'Quisquam quia asperiores eos voluptatem. Molestias qui consequatur aspernatur quisquam quia similique velit. Dolore quasi itaque velit velit et est et. Eum ipsum et id. Debitis consequatur necessitatibus qui nisi vero.', 2, '2018-07-15 10:11:59', '2018-07-15 10:11:59'),
(157, 25, 'Prof. Jaydon Goyette', 'Voluptates rerum omnis quas sint. Consequatur rem quisquam quia quasi ab dolore. Unde praesentium voluptas tempora aut et qui. Odit libero consequatur qui aut sequi.', 1, '2018-07-15 10:11:59', '2018-07-15 10:11:59'),
(158, 8, 'Deangelo Osinski', 'Atque et inventore et culpa. Repudiandae repellat a quia eius sint est. Vitae sed aspernatur sequi et sequi omnis. Voluptatem officia eos modi sunt quidem.', 5, '2018-07-15 10:11:59', '2018-07-15 10:11:59'),
(159, 29, 'Amaya Mueller', 'Ullam molestiae enim sit quis. Explicabo harum maiores inventore. Enim et dolores qui. Unde qui et quia labore doloribus.', 4, '2018-07-15 10:12:00', '2018-07-15 10:12:00'),
(160, 15, 'George Wilderman', 'Nobis neque occaecati explicabo incidunt. Omnis asperiores quam rerum optio ut facere.', 5, '2018-07-15 10:12:00', '2018-07-15 10:12:00'),
(161, 8, 'Roel Lindgren', 'Doloremque dolorem accusamus maiores nisi eum ducimus recusandae. Ab fugiat in odio ab possimus quo. Eum voluptatem adipisci nobis ullam eos. Voluptate sit consequuntur repudiandae natus saepe nobis qui.', 3, '2018-07-15 10:12:00', '2018-07-15 10:12:00'),
(162, 30, 'Daphne Kuhlman IV', 'Numquam quis maiores id voluptate omnis consequatur cupiditate. Enim fugiat mollitia perferendis molestias qui magnam sit magnam.', 2, '2018-07-15 10:12:00', '2018-07-15 10:12:00'),
(163, 2, 'Mr. Guillermo Kub III', 'Est totam maiores qui maxime voluptatem veniam tempore. Odio sed fugiat esse. Nihil dolor ipsam placeat aut corporis quibusdam voluptas. Quibusdam voluptate ad omnis ab.', 5, '2018-07-15 10:12:00', '2018-07-15 10:12:00'),
(164, 32, 'Vida Grady', 'Et sed reiciendis nihil harum consequuntur architecto aut nesciunt. Sed dolorum neque qui omnis ducimus fugiat.', 2, '2018-07-15 10:12:00', '2018-07-15 10:12:00'),
(165, 2, 'Crystal Dietrich', 'Repudiandae distinctio doloremque blanditiis. Est ut quia deserunt est quo iste. Optio alias qui aut.', 1, '2018-07-15 10:12:00', '2018-07-15 10:12:00'),
(166, 3, 'Owen Schimmel', 'Ut consequuntur at et debitis. Vitae dolor quis sed qui porro. Numquam dolorum nostrum dolores debitis modi voluptatibus. Tempore quidem sunt voluptates voluptas.', 1, '2018-07-15 10:12:00', '2018-07-15 10:12:00'),
(167, 4, 'Mae Renner', 'Ex quas ex omnis sed quis. Rem sint tenetur non dolorem fugit modi. Necessitatibus cupiditate magni non a reprehenderit dolore. Dolor nisi doloribus est officiis cumque.', 0, '2018-07-15 10:12:00', '2018-07-15 10:12:00'),
(168, 2, 'Prof. Kenny Bosco', 'Nemo eaque et magni vel. Et ducimus temporibus molestiae vel cum reiciendis. Aliquid ut natus distinctio in dolorem magnam soluta. Qui error modi natus sunt enim velit eligendi iusto.', 2, '2018-07-15 10:12:00', '2018-07-15 10:12:00'),
(169, 25, 'Brayan Leuschke DDS', 'Aut molestiae quo eum sunt et repudiandae libero. Occaecati error voluptatem expedita eum deserunt non nesciunt odit. Fugit expedita et distinctio tenetur incidunt delectus officiis. Dicta eius voluptatem dolores voluptatem delectus.', 4, '2018-07-15 10:12:00', '2018-07-15 10:12:00'),
(170, 39, 'Kendall Jacobi', 'Atque illo ratione est ex qui sed. Qui quo id et omnis itaque fugiat. Nemo at excepturi illo dolorem ex et. Nihil tempora modi a hic esse. Cumque et aut sed cupiditate aut illo.', 1, '2018-07-15 10:12:00', '2018-07-15 10:12:00'),
(171, 23, 'Lessie Welch', 'Vitae et modi dicta debitis. Corrupti et vitae deserunt velit id nostrum placeat.', 4, '2018-07-15 10:12:00', '2018-07-15 10:12:00'),
(172, 40, 'Deven Bauch IV', 'Porro ratione voluptas id voluptas. Quia modi veniam iusto sit beatae. Occaecati quia cum autem deleniti et sunt. Sint sapiente eaque eum qui quis excepturi facilis.', 0, '2018-07-15 10:12:00', '2018-07-15 10:12:00'),
(173, 17, 'Leland Hilpert', 'Doloremque quos sint ut qui qui. Earum dolorum voluptatum quia odio maiores quia. Provident vitae quisquam quo. Blanditiis est cum enim ut.', 3, '2018-07-15 10:12:00', '2018-07-15 10:12:00'),
(174, 27, 'Dr. Jordy Reinger', 'Earum natus sint ut quibusdam omnis. Porro officiis id vitae atque. Dolorem rem laudantium qui laudantium tenetur et assumenda. Maxime saepe et quaerat consequatur vel.', 0, '2018-07-15 10:12:00', '2018-07-15 10:12:00'),
(175, 3, 'Kimberly Bayer', 'Qui ut cum adipisci ullam error. Est minus id placeat perspiciatis eum laboriosam praesentium. Enim rerum deleniti hic omnis. Maxime sit omnis quod eos aut excepturi molestiae eum.', 3, '2018-07-15 10:12:01', '2018-07-15 10:12:01'),
(176, 13, 'Else Reichel', 'Incidunt est aspernatur nihil suscipit excepturi aspernatur consectetur soluta. Praesentium quo quia nesciunt cumque. Numquam sequi itaque ut.', 5, '2018-07-15 10:12:01', '2018-07-15 10:12:01'),
(177, 9, 'Miss Karli Howe V', 'Nesciunt nam tenetur quam quaerat dolores numquam. Aliquam suscipit officia sunt aut. At quidem non eos quae sunt. Ad velit in veritatis dicta est neque.', 2, '2018-07-15 10:12:01', '2018-07-15 10:12:01'),
(178, 36, 'Lyda Lynch', 'Veniam rerum laudantium aliquid dolorum pariatur deserunt incidunt iure. Est libero ad qui excepturi veritatis nihil a. Totam fuga facilis facilis facilis error aut.', 0, '2018-07-15 10:12:01', '2018-07-15 10:12:01'),
(179, 36, 'Ms. Chaya Bartell', 'Sit laboriosam pariatur earum ullam laudantium et numquam aut. Et consectetur sapiente blanditiis vitae accusamus officia aut. Vero amet aut inventore ea dolores occaecati. Neque praesentium dolores exercitationem voluptatem ut.', 1, '2018-07-15 10:12:01', '2018-07-15 10:12:01'),
(180, 23, 'Cruz Legros', 'Eum qui minima deleniti reprehenderit quia. Aut quidem ut dolorem voluptas quia. Omnis et porro sunt et voluptate. Dolorem consequatur ipsa voluptas nobis reprehenderit esse quas.', 5, '2018-07-15 10:12:01', '2018-07-15 10:12:01'),
(181, 3, 'Dr. Kenyon Gottlieb', 'Cupiditate maxime aut laboriosam odit ut dignissimos exercitationem. Qui quia quo atque eius itaque libero. Omnis nam id sapiente repudiandae dolorem et.', 0, '2018-07-15 10:12:01', '2018-07-15 10:12:01'),
(182, 38, 'Prof. Antone Torp MD', 'Deserunt consequatur deleniti possimus fuga. Odio culpa accusamus sunt odit non deserunt. Et et vel maiores beatae voluptate voluptate soluta quia. Minima consequuntur at quaerat sint et aut autem.', 2, '2018-07-15 10:12:01', '2018-07-15 10:12:01'),
(183, 10, 'Miss Cayla Glover', 'Ut eveniet rerum et cupiditate dolorem. Ut a distinctio accusamus eos qui natus architecto. Quia qui qui doloribus molestias in nesciunt tenetur. Recusandae eos ab iure quaerat molestias.', 3, '2018-07-15 10:12:01', '2018-07-15 10:12:01'),
(184, 28, 'Phoebe Corkery', 'Qui eligendi sint iste sequi quia voluptas totam. Ad et iste delectus quibusdam debitis quidem enim harum. Debitis ut et et sequi porro eos pariatur tenetur. Recusandae ut animi aut qui ipsa.', 1, '2018-07-15 10:12:01', '2018-07-15 10:12:01'),
(185, 49, 'Mr. Frederik Russel', 'Modi qui adipisci odit accusamus autem qui dolorum aut. Distinctio iste deserunt et distinctio voluptatum aut quaerat. Excepturi recusandae dolorum harum similique maiores et qui. Qui est veniam est dolor optio qui qui.', 5, '2018-07-15 10:12:01', '2018-07-15 10:12:01'),
(186, 14, 'Loraine Oberbrunner', 'Quos et id explicabo nobis molestiae. Debitis dolores voluptas adipisci autem consequatur soluta. Est quis sapiente illum est sed porro natus. Est maxime temporibus commodi recusandae unde.', 3, '2018-07-15 10:12:01', '2018-07-15 10:12:01'),
(187, 43, 'Vena Torphy', 'Voluptatem dolorem odio nihil ea porro temporibus qui. Explicabo et amet placeat magnam magnam. Eos in debitis dolores architecto sint dolorem molestias.', 1, '2018-07-15 10:12:01', '2018-07-15 10:12:01'),
(188, 5, 'Olaf Bins', 'Id vitae adipisci itaque eos eaque ut iusto. Officia distinctio molestias sapiente doloremque odit. Quaerat molestias est ut quia dolorum. Est provident aliquam at omnis consequuntur est.', 0, '2018-07-15 10:12:01', '2018-07-15 10:12:01'),
(189, 42, 'Kian Wilkinson', 'Officiis est nobis fuga quibusdam necessitatibus non. Quaerat tenetur eum quibusdam veritatis non sunt quidem. Inventore soluta animi exercitationem omnis repudiandae quibusdam. Aut eveniet nulla est culpa corporis ut quibusdam. Voluptas voluptatibus et accusamus omnis minus impedit at.', 1, '2018-07-15 10:12:01', '2018-07-15 10:12:01'),
(190, 9, 'Skyla Paucek', 'Exercitationem vel a est quia. Doloremque rerum voluptate quos quidem ut illo sed. Nulla tempora facilis quod est quia similique. Nihil aut eius dolores adipisci numquam aliquid eius.', 3, '2018-07-15 10:12:01', '2018-07-15 10:12:01'),
(191, 40, 'Prof. Adelle Greenfelder DDS', 'Sed voluptatem ipsam quasi libero eos. Architecto deserunt non velit reprehenderit quo et. Quia quia dolores at nisi.', 3, '2018-07-15 10:12:02', '2018-07-15 10:12:02'),
(192, 47, 'Desmond Cassin', 'Repellat quia ut est qui fugit ut. Quam et qui distinctio maxime fugit doloremque et. Iste iure non et error.', 3, '2018-07-15 10:12:02', '2018-07-15 10:12:02'),
(193, 47, 'Wade Will', 'Aperiam inventore ut dolores dolor. Cum non molestiae qui saepe assumenda ipsam laudantium. Aut non provident vel dolorem saepe.', 0, '2018-07-15 10:12:02', '2018-07-15 10:12:02'),
(194, 15, 'Kurt Luettgen', 'Quo magni impedit in a. Est harum delectus voluptates doloribus. Vitae recusandae est itaque quas voluptatem voluptas consequatur quis.', 2, '2018-07-15 10:12:02', '2018-07-15 10:12:02'),
(195, 21, 'Laurence Larson', 'Fugiat at assumenda est et laborum. Distinctio expedita pariatur qui ratione.', 5, '2018-07-15 10:12:02', '2018-07-15 10:12:02'),
(196, 30, 'Miss Hosea Lang III', 'Hic omnis rerum dolorem ducimus rerum est qui. Consectetur explicabo blanditiis modi maiores sit et. Repudiandae non ipsum deserunt ab nostrum.', 0, '2018-07-15 10:12:02', '2018-07-15 10:12:02'),
(197, 38, 'Raul Batz', 'Quas est voluptatem sapiente dolorem nihil ullam. Fugit voluptas velit et labore ullam tempora voluptatum. Accusantium ipsam doloremque consequatur magnam iure eos.', 4, '2018-07-15 10:12:02', '2018-07-15 10:12:02'),
(199, 11, 'Richard Hilpert', 'Rerum ipsa perspiciatis ut ullam iste quo ipsa. Iusto consectetur tempora quam omnis ratione laborum unde. Id accusamus dolores distinctio rerum et adipisci.', 1, '2018-07-15 10:12:02', '2018-07-15 10:12:02'),
(200, 42, 'Dr. Elmira McGlynn PhD', 'Inventore consectetur id eius dolores in vitae. Odit voluptatem dolorem quam id tempora non. Cum cum inventore magni et eos id mollitia.', 4, '2018-07-15 10:12:02', '2018-07-15 10:12:02'),
(201, 30, 'Arthur Senger', 'Numquam qui sed libero ut dolorem impedit minus. Quasi ipsam vel repellendus unde. Et animi commodi et ex. Quis voluptatem nisi beatae perferendis quod.', 1, '2018-07-15 10:12:02', '2018-07-15 10:12:02'),
(202, 49, 'Lenora Heaney', 'Dolores sed optio quasi deleniti vel aut veritatis. Voluptas voluptatem sunt quibusdam quasi est neque. Impedit ut consequatur sequi corrupti eos. Ullam praesentium consequatur sint iusto aut labore.', 2, '2018-07-15 10:12:02', '2018-07-15 10:12:02'),
(203, 24, 'Devyn Goodwin', 'Magnam et voluptatibus harum ipsam. Porro maiores esse atque quam reprehenderit autem. Delectus quod aperiam incidunt sunt.', 5, '2018-07-15 10:12:02', '2018-07-15 10:12:02'),
(204, 43, 'Dr. Reese Graham', 'Eum aut expedita quia distinctio. Eaque error aut sapiente ab. Aperiam quo illo dolor placeat. Dolores aspernatur ut exercitationem.', 3, '2018-07-15 10:12:02', '2018-07-15 10:12:02'),
(205, 16, 'Wilhelmine Nader', 'Illum necessitatibus temporibus rem et harum quae. Et nostrum ipsam hic non laborum similique. Minus quod sunt dolor.', 0, '2018-07-15 10:12:02', '2018-07-15 10:12:02'),
(206, 37, 'Miss Gabriella Botsford', 'Mollitia eum explicabo atque consectetur nulla voluptatem quia dolorum. Inventore voluptatem ut reprehenderit maiores. Dolores voluptate rerum fuga est nobis illum. Molestiae et maiores consequatur iure aperiam error sunt ut.', 1, '2018-07-15 10:12:02', '2018-07-15 10:12:02'),
(207, 17, 'Prof. Yolanda Corkery', 'In est rerum labore laboriosam et in id aut. Amet quisquam beatae molestiae quasi aliquam. Earum et consectetur dignissimos reprehenderit.', 3, '2018-07-15 10:12:02', '2018-07-15 10:12:02'),
(208, 24, 'Mr. Isadore Monahan MD', 'Quia nostrum cumque ea consectetur est. Error et non qui ut nostrum. A est inventore magni distinctio veritatis ut. Vel tempora incidunt temporibus exercitationem quia sunt.', 2, '2018-07-15 10:12:02', '2018-07-15 10:12:02'),
(209, 33, 'Mr. Seamus Lindgren', 'Ipsam labore asperiores soluta et et aliquid. Quo autem labore ut natus minus. Voluptatem quo dolore nesciunt. Et provident quia ipsam ipsam.', 4, '2018-07-15 10:12:03', '2018-07-15 10:12:03'),
(210, 49, 'Green Hegmann I', 'Minima quae et placeat ut eveniet. Odio consectetur tempora hic ut voluptatem aut non. Aut provident qui tempore tempora. Nisi ratione saepe numquam accusantium.', 3, '2018-07-15 10:12:03', '2018-07-15 10:12:03'),
(211, 24, 'Ashley Will', 'Cumque qui possimus et corrupti rerum. Odio accusamus quam doloremque. Labore nisi quibusdam sit atque harum. Ad saepe enim mollitia saepe aut ullam.', 3, '2018-07-15 10:12:03', '2018-07-15 10:12:03'),
(212, 42, 'Juliet Price Sr.', 'Ducimus nobis tenetur ea voluptates omnis. Inventore voluptatem asperiores consequuntur voluptatibus totam omnis. Harum quas praesentium amet id voluptas omnis. Aut nesciunt laboriosam dolor.', 3, '2018-07-15 10:12:03', '2018-07-15 10:12:03'),
(213, 35, 'Edythe Koch', 'A ratione in consectetur consectetur itaque repudiandae aut commodi. Qui repellat illum quia non deleniti temporibus in. Quia nihil voluptas dolores adipisci omnis totam odio. Qui quae dicta est et voluptas aliquid.', 4, '2018-07-15 10:12:03', '2018-07-15 10:12:03'),
(214, 7, 'Sadie Schmidt', 'Id est sapiente et repellat. Aut nobis velit dolore tempora doloribus et dolor. Nihil quia repellendus dolor ut ducimus. Esse consequatur odio consectetur voluptates aut iure corporis.', 1, '2018-07-15 10:12:03', '2018-07-15 10:12:03'),
(215, 37, 'Marge Stanton', 'Vero dolor cumque quia expedita eveniet quos rem nulla. Ad maxime ut ratione et molestiae consequuntur placeat nobis. Iste nesciunt enim nemo deleniti hic voluptatem praesentium.', 4, '2018-07-15 10:12:03', '2018-07-15 10:12:03'),
(216, 41, 'Marvin Donnelly', 'Expedita unde autem eveniet architecto ipsum. Sed labore saepe repudiandae minima et. Ratione ut adipisci molestiae ut aut. Qui enim sed a pariatur animi delectus dignissimos.', 4, '2018-07-15 10:12:03', '2018-07-15 10:12:03'),
(217, 32, 'Assunta Shanahan', 'Autem et hic nihil et voluptatem beatae dolor. Quos accusantium quis accusantium atque quo nihil doloribus. Voluptas aut illum enim delectus optio aperiam.', 4, '2018-07-15 10:12:03', '2018-07-15 10:12:03'),
(218, 28, 'Dee Kohler', 'Aperiam quas officia voluptatem non tenetur illum aperiam reprehenderit. Dolorum quae vitae expedita et eligendi. Minima quis perspiciatis dolorum eos blanditiis voluptatem distinctio. Ea et ipsum et sed.', 1, '2018-07-15 10:12:03', '2018-07-15 10:12:03'),
(219, 6, 'Kaia Cummings', 'Vel eos et provident eaque pariatur. Reiciendis ut nulla quisquam. At eum saepe labore ea. Fuga non et illo veniam beatae.', 5, '2018-07-15 10:12:03', '2018-07-15 10:12:03'),
(220, 22, 'Dr. Zoie Gusikowski', 'Eveniet magni ducimus aut consequatur neque officia. Voluptates ipsa cumque vitae occaecati sequi officiis quam aperiam. Voluptas est at ut neque repellat dolor.', 4, '2018-07-15 10:12:03', '2018-07-15 10:12:03'),
(221, 7, 'Mrs. Stephania Kling II', 'Vel molestias aut voluptatum officia sit eius aliquam. Dolorem cupiditate corrupti in eum recusandae voluptatem officia. Explicabo non eaque assumenda provident dolorem. Ut mollitia natus esse delectus ab asperiores.', 2, '2018-07-15 10:12:03', '2018-07-15 10:12:03'),
(222, 45, 'Raleigh Torp', 'Eum odit accusamus deserunt consequatur eligendi neque. Perspiciatis voluptate cumque sunt deserunt commodi rerum. Assumenda vel itaque eius nihil expedita.', 5, '2018-07-15 10:12:03', '2018-07-15 10:12:03'),
(223, 15, 'Leopoldo Emmerich Jr.', 'Iste sapiente tempore tenetur temporibus quis animi tenetur. Iusto expedita expedita et autem enim nostrum. Qui nulla accusamus sunt illo et qui sit. Dolor officiis quia illo dolor consequatur sunt.', 0, '2018-07-15 10:12:03', '2018-07-15 10:12:03');
INSERT INTO `reviews` (`id`, `product_id`, `customer`, `review`, `star`, `created_at`, `updated_at`) VALUES
(224, 17, 'Howard Block', 'Velit quis fugit et quam praesentium. Magni inventore molestiae ratione. Laborum maiores excepturi at pariatur.', 5, '2018-07-15 10:12:03', '2018-07-15 10:12:03'),
(225, 5, 'Prof. Rahul Cassin II', 'Consequatur totam est et saepe optio. Dolorem qui consequatur fugit ipsum blanditiis perferendis. Tenetur aspernatur quia facere repudiandae dolore. Sit placeat sunt deserunt tenetur sint est saepe animi.', 3, '2018-07-15 10:12:03', '2018-07-15 10:12:03'),
(226, 1, 'Prof. Dion Hettinger', 'Iusto voluptas laborum repellat esse maxime modi unde. Beatae voluptas asperiores et asperiores dolores. Aut inventore aut animi delectus excepturi enim. Dolorem voluptatum iste non dolorem provident.', 4, '2018-07-15 10:12:04', '2018-07-15 10:12:04'),
(227, 45, 'Mrs. Estella Cormier DDS', 'Velit ipsam voluptates ullam praesentium. Est perspiciatis nulla corrupti illum assumenda voluptatum occaecati.', 5, '2018-07-15 10:12:04', '2018-07-15 10:12:04'),
(228, 2, 'Gloria Lueilwitz MD', 'Quia consectetur in in et qui. Autem voluptates dolor non laboriosam non qui. Error dignissimos ut nobis rem deleniti.', 2, '2018-07-15 10:12:04', '2018-07-15 10:12:04'),
(229, 42, 'Arden Zulauf', 'Rerum neque et sequi nihil nihil. Molestiae sit facilis quia ut.', 4, '2018-07-15 10:12:04', '2018-07-15 10:12:04'),
(230, 42, 'Marcellus Lemke', 'Distinctio quas alias aspernatur fugiat non. Eveniet quo id tempore voluptates fugit. Nihil illo dolorem id itaque ea voluptatem et.', 2, '2018-07-15 10:12:04', '2018-07-15 10:12:04'),
(231, 2, 'Terrill Kris', 'Deserunt rem eum voluptate hic aut accusantium aut. At ratione occaecati aut necessitatibus nihil tempora maiores inventore. Quia consectetur vel et autem.', 4, '2018-07-15 10:12:04', '2018-07-15 10:12:04'),
(232, 24, 'Maggie Buckridge PhD', 'Veniam assumenda optio eaque est. Fuga sed quasi ea qui totam laborum.', 1, '2018-07-15 10:12:04', '2018-07-15 10:12:04'),
(233, 26, 'Destiny Wiza PhD', 'Odio dolores dolorem et ullam. Et eos molestiae pariatur saepe ducimus alias. Eligendi suscipit sint unde est quidem. Explicabo non reprehenderit ex omnis voluptas earum sint.', 5, '2018-07-15 10:12:04', '2018-07-15 10:12:04'),
(234, 4, 'Raleigh Mosciski', 'Reprehenderit ut perspiciatis sint nisi. Repellat est accusamus temporibus sequi labore et quia. Sit autem voluptatem ad ad dignissimos explicabo.', 4, '2018-07-15 10:12:04', '2018-07-15 10:12:04'),
(235, 1, 'Federico Hansen', 'Enim magnam ut ad ducimus dolor. Praesentium in quia et qui. Molestiae ipsam voluptatum iusto distinctio sunt non tenetur.', 0, '2018-07-15 10:12:04', '2018-07-15 10:12:04'),
(236, 26, 'Alison Turner', 'Sint nostrum repudiandae blanditiis quos iste. Et illum est et exercitationem sed. Voluptate totam ut optio iure et aut.', 0, '2018-07-15 10:12:04', '2018-07-15 10:12:04'),
(237, 38, 'Dr. Velma Grant IV', 'Debitis expedita dolor sit excepturi. Eum eligendi magnam non atque dolor quasi.', 4, '2018-07-15 10:12:04', '2018-07-15 10:12:04'),
(238, 3, 'Miss Breanna Toy', 'Distinctio ut esse modi sint. A ab reprehenderit recusandae vel quaerat incidunt animi exercitationem. Possimus et nulla consequatur iusto. Rem culpa voluptas esse blanditiis dignissimos esse consequuntur.', 4, '2018-07-15 10:12:04', '2018-07-15 10:12:04'),
(239, 28, 'Emely Koss PhD', 'Fugit iste suscipit maxime ullam quia est quisquam. Natus architecto autem voluptatum necessitatibus vero. Iusto est perspiciatis eius inventore qui aut odit. Dignissimos rerum impedit et molestiae.', 1, '2018-07-15 10:12:04', '2018-07-15 10:12:04'),
(240, 21, 'Josephine Reichel II', 'Accusantium sed expedita sint eos magni et. Repellendus excepturi rerum cum velit. Vel illo voluptatem consequuntur impedit accusamus non aperiam quia. Culpa aut magni dolorem consequuntur recusandae.', 1, '2018-07-15 10:12:04', '2018-07-15 10:12:04'),
(241, 14, 'Dr. Zola Blick', 'Maxime ipsa sit unde. Aut adipisci repellat cum nam.', 0, '2018-07-15 10:12:04', '2018-07-15 10:12:04'),
(242, 29, 'Quinton Berge', 'Et eaque accusamus quo sed accusantium. Est quo velit omnis sunt officiis tenetur. Cupiditate hic repellat ex quia numquam voluptatem nulla. Voluptate praesentium aut aliquam.', 5, '2018-07-15 10:12:04', '2018-07-15 10:12:04'),
(243, 11, 'Leora Reilly', 'Ratione nobis dignissimos possimus et qui voluptas eos. Eius culpa autem rem eligendi quidem qui illo iusto. Tenetur labore labore qui doloribus aut. Eos quis eos et et.', 1, '2018-07-15 10:12:05', '2018-07-15 10:12:05'),
(244, 33, 'Dr. Ibrahim Runte V', 'Autem hic incidunt et eveniet officia ut sed eligendi. Quo quaerat voluptas molestiae et nihil sit. Illum tempore et iusto.', 0, '2018-07-15 10:12:05', '2018-07-15 10:12:05'),
(245, 24, 'Miss Kattie Bergnaum', 'Aut magnam molestiae molestias iste. Fuga repellat eius numquam. Maxime reprehenderit ut pariatur illo facere. Ab doloremque sit voluptatem.', 0, '2018-07-15 10:12:05', '2018-07-15 10:12:05'),
(246, 3, 'Ulises Heidenreich', 'Sit id facilis et maxime. Maxime vel sit illum nihil et. Numquam aut vitae sit nemo molestiae. Eius officia nobis vitae iste voluptatem unde illo.', 5, '2018-07-15 10:12:05', '2018-07-15 10:12:05'),
(247, 23, 'Donnell Donnelly', 'Aperiam assumenda porro quaerat molestias qui ipsam unde. Occaecati rem earum repellat eum cumque labore. Blanditiis voluptates qui eum minima laborum sit.', 5, '2018-07-15 10:12:05', '2018-07-15 10:12:05'),
(248, 48, 'Marcia Wolf', 'Consequatur tempora doloremque nostrum ipsum repudiandae. Voluptatem hic quaerat est. Sit ipsam aliquid aut voluptates reprehenderit sed ut consequatur.', 1, '2018-07-15 10:12:05', '2018-07-15 10:12:05'),
(249, 32, 'Devante Zboncak', 'Accusamus a dolor dolores veritatis. Ut ad et odio. Voluptatum enim sunt hic quis eligendi. Ea tempore velit alias aut asperiores libero omnis officiis.', 5, '2018-07-15 10:12:05', '2018-07-15 10:12:05'),
(250, 33, 'Mrs. Genevieve Beer', 'Fugiat amet dolor itaque necessitatibus. Neque cupiditate repellat in corporis. Ut totam quod quibusdam quasi inventore totam. Mollitia laboriosam nemo vero fuga voluptate.', 0, '2018-07-15 10:12:05', '2018-07-15 10:12:05'),
(251, 15, 'Dean Predovic', 'Libero odio expedita amet quod. Error ut pariatur a sed et commodi. Numquam aperiam et voluptate ducimus blanditiis ut quia. Doloremque et vitae omnis voluptas fuga.', 1, '2018-07-15 10:12:05', '2018-07-15 10:12:05'),
(252, 36, 'Mr. Cedrick Mayer IV', 'Laudantium quibusdam at illum expedita ut iure placeat. Omnis architecto voluptatem officia at iste repellat. Eum quae alias non eos et rerum debitis. Nisi quae rerum vero sint nam atque.', 2, '2018-07-15 10:12:05', '2018-07-15 10:12:05'),
(253, 20, 'Rashawn Daugherty', 'Laboriosam at et a omnis nostrum. Dolorem ab illo optio error repellat. Repellendus sit placeat iusto hic autem vel quidem.', 5, '2018-07-15 10:12:06', '2018-07-15 10:12:06'),
(254, 39, 'Bobby Nader', 'Eum voluptatibus in quod non temporibus eos sunt. Dolor omnis vel maxime iure sit. Iste modi et quia sit deleniti quo.', 3, '2018-07-15 10:12:06', '2018-07-15 10:12:06'),
(255, 8, 'Prof. Donnie Hermiston', 'Facilis enim nihil iusto perferendis nemo. Quo necessitatibus temporibus earum inventore inventore amet. Voluptatem non dolor sequi.', 4, '2018-07-15 10:12:06', '2018-07-15 10:12:06'),
(256, 31, 'Providenci Lakin', 'Inventore nisi placeat culpa. Ipsum beatae dolorem doloribus sint facilis. Ipsa rerum vero est sint nobis accusamus.', 3, '2018-07-15 10:12:06', '2018-07-15 10:12:06'),
(257, 27, 'Berniece Nolan', 'Ut nulla vel ut quia. Est est architecto ullam impedit similique.', 4, '2018-07-15 10:12:06', '2018-07-15 10:12:06'),
(258, 20, 'Prof. Yvette Kerluke IV', 'Asperiores provident facere optio perferendis quia vel voluptatem. Quidem blanditiis nobis et velit ratione. Consequatur eum laudantium et eaque. Animi consequatur voluptatem dolorum pariatur amet.', 4, '2018-07-15 10:12:06', '2018-07-15 10:12:06'),
(259, 23, 'Hailey Kessler', 'Blanditiis qui nemo vitae dignissimos odit repudiandae. Quo est molestias in harum. Alias et incidunt officiis et quisquam ratione vel.', 1, '2018-07-15 10:12:06', '2018-07-15 10:12:06'),
(260, 35, 'Clinton Swift', 'Magni deleniti autem dicta nihil qui inventore in beatae. Modi quia nobis ducimus laborum. Omnis et exercitationem corporis doloribus totam ut sunt quos. Eveniet qui sed omnis omnis unde suscipit maiores.', 2, '2018-07-15 10:12:06', '2018-07-15 10:12:06'),
(261, 29, 'Mona Wintheiser', 'Ipsum qui quisquam velit dolorem laboriosam. Quisquam sunt voluptatem numquam vero natus et repudiandae. Quidem cupiditate asperiores molestiae nihil beatae temporibus. Magni sed reiciendis fugit enim.', 4, '2018-07-15 10:12:06', '2018-07-15 10:12:06'),
(262, 30, 'Aiyana Jerde', 'Commodi laborum rerum facere veritatis consequatur. Optio molestiae distinctio beatae laboriosam maxime voluptates.', 2, '2018-07-15 10:12:06', '2018-07-15 10:12:06'),
(263, 22, 'Estelle Rippin', 'Sunt sint voluptas eum nostrum autem nisi officia. Temporibus nesciunt a incidunt. Ad quis occaecati voluptas assumenda nihil placeat deleniti.', 5, '2018-07-15 10:12:06', '2018-07-15 10:12:06'),
(264, 39, 'Maximillia Adams', 'Est libero quo est est ducimus. Iusto iste dolore omnis neque. Autem possimus illum sed molestias modi consectetur. Natus et impedit aliquid eius quaerat.', 2, '2018-07-15 10:12:06', '2018-07-15 10:12:06'),
(265, 12, 'Stacey Will', 'Temporibus occaecati eaque maiores est qui. Et qui ratione hic eligendi est odio. Quibusdam dolorem sapiente maxime sapiente ea cum est. Magnam optio voluptas voluptatem quia sunt nihil. Qui qui odit dolores numquam sed est.', 3, '2018-07-15 10:12:06', '2018-07-15 10:12:06'),
(266, 43, 'Miss Molly Mertz', 'Magnam quos natus dolor qui saepe amet distinctio. Tempora nisi quidem aut fugiat amet. Molestias vel dolores adipisci temporibus enim. Saepe explicabo consectetur enim nostrum ea.', 5, '2018-07-15 10:12:06', '2018-07-15 10:12:06'),
(267, 12, 'Prof. Peter Zulauf', 'Ad quidem dolorem qui nulla. Ut provident et et impedit quia. Aperiam repellendus sapiente ipsum nostrum beatae.', 0, '2018-07-15 10:12:06', '2018-07-15 10:12:06'),
(268, 47, 'Julien Ebert', 'Ut eius doloremque nihil dolorem ut laudantium nihil. Ut consectetur blanditiis quis in. Exercitationem consequatur quae aut et voluptas. Sed voluptates et nihil error odit suscipit eum voluptas.', 1, '2018-07-15 10:12:06', '2018-07-15 10:12:06'),
(269, 6, 'Miss Isabel Rath', 'Minima debitis sit sed ducimus illo ea. Eaque optio eveniet enim nesciunt et. Voluptatibus omnis corrupti nihil dolor adipisci ullam est.', 1, '2018-07-15 10:12:06', '2018-07-15 10:12:06'),
(270, 23, 'Mrs. Carmella Rowe', 'Ullam fuga blanditiis quasi veritatis sit. Neque nihil est magni aut sequi. Velit non ad in. Sint aliquid expedita et voluptatem deserunt aut.', 2, '2018-07-15 10:12:06', '2018-07-15 10:12:06'),
(272, 10, 'Mr. Dale Kunze V', 'Ea et adipisci quae voluptatem inventore. Ab doloribus eius harum tenetur voluptatum. Deserunt qui optio sunt dignissimos velit voluptas.', 2, '2018-07-15 10:12:07', '2018-07-15 10:12:07'),
(273, 2, 'Barry Morissette', 'Et sit et fugiat et qui et et quia. Repudiandae cum est facere quidem veritatis.', 3, '2018-07-15 10:12:07', '2018-07-15 10:12:07'),
(274, 12, 'Brice Kshlerin', 'Repudiandae dolores repellendus ut. Autem blanditiis aut quia in voluptatem voluptatum. Fugiat est laudantium modi maxime dolorum natus non. Ut earum et ut quia sapiente voluptatibus enim unde.', 2, '2018-07-15 10:12:07', '2018-07-15 10:12:07'),
(275, 13, 'Ms. Malika Smith DDS', 'Distinctio dignissimos labore aliquid rerum et. Laboriosam esse quam ut laborum neque doloribus aliquid. Rem consequatur iste fugit rerum.', 2, '2018-07-15 10:12:07', '2018-07-15 10:12:07'),
(276, 15, 'Miss Aubree Eichmann', 'Eos facilis ex quos omnis quo modi quidem. Voluptas unde eum quia dolorem. Sunt dolores occaecati doloribus.', 1, '2018-07-15 10:12:07', '2018-07-15 10:12:07'),
(277, 31, 'Queen Kovacek Sr.', 'Nobis ipsa vitae eveniet rerum. Excepturi in occaecati dolores maiores. Nihil repellendus ad amet eum aspernatur quia eos.', 5, '2018-07-15 10:12:07', '2018-07-15 10:12:07'),
(278, 49, 'Onie Bartoletti', 'Et et unde consequatur officia. Exercitationem saepe sed optio recusandae architecto voluptatem consequatur voluptas. Fugit et ducimus ut at magni. Tempore rerum est eum. Eligendi aut officia minus ex vel provident quia.', 4, '2018-07-15 10:12:07', '2018-07-15 10:12:07'),
(279, 40, 'Ena Okuneva', 'Qui in est quia quaerat. Quisquam perferendis ullam qui eos magnam excepturi. Eveniet non et cupiditate excepturi. Aliquam quo dolores dolore harum soluta eos.', 3, '2018-07-15 10:12:07', '2018-07-15 10:12:07'),
(280, 10, 'Jolie Parisian', 'Ut sint hic neque alias omnis. Tempore laudantium reiciendis ipsum. Inventore porro ut velit et dolorem molestias quaerat.', 2, '2018-07-15 10:12:07', '2018-07-15 10:12:07'),
(281, 41, 'Prof. Teagan Kautzer', 'Aliquam totam reprehenderit quas doloremque atque nihil. Eos esse vel maxime dolorum temporibus. Accusantium ducimus sed neque itaque corrupti est autem delectus.', 2, '2018-07-15 10:12:07', '2018-07-15 10:12:07'),
(282, 31, 'Vincent Keeling', 'Quis et beatae ipsam nesciunt. Aliquam quod reiciendis tempora tempora. Ab explicabo labore aut eos saepe. Enim quasi ratione nesciunt consequuntur dolore.', 2, '2018-07-15 10:12:07', '2018-07-15 10:12:07'),
(283, 25, 'Mrs. Maryam Roob', 'Et aut tenetur magnam enim exercitationem dolorem dolorum autem. Et possimus enim ducimus sunt. Ratione quo voluptate sunt a. Dolore aut dolorem autem voluptatibus.', 1, '2018-07-15 10:12:07', '2018-07-15 10:12:07'),
(284, 8, 'Nels Gibson', 'Eligendi reiciendis quam voluptatem molestiae doloribus sed est. Optio voluptatibus quaerat sequi voluptate quos nesciunt. Consequatur voluptatem id ut eos ab. Sunt tempora rerum dolorem impedit reiciendis nulla facere. Et rem qui vel dolores.', 4, '2018-07-15 10:12:07', '2018-07-15 10:12:07'),
(285, 42, 'Kenya Deckow', 'Culpa architecto sapiente ducimus error voluptate praesentium. Et ipsa autem dolorem necessitatibus corporis.', 5, '2018-07-15 10:12:07', '2018-07-15 10:12:07'),
(286, 7, 'Alisa Orn III', 'Ut fuga voluptatem officia placeat. Possimus sit qui voluptas animi voluptas nostrum et. Ratione iusto a magnam ex ex quam.', 1, '2018-07-15 10:12:08', '2018-07-15 10:12:08'),
(287, 47, 'Jonatan Donnelly', 'Perspiciatis laudantium velit ab nobis enim. Et ratione fugit sint quas pariatur est. Dicta quia occaecati fugiat itaque.', 1, '2018-07-15 10:12:08', '2018-07-15 10:12:08'),
(288, 1, 'Aleen Bergnaum', 'Laborum quia veritatis reiciendis iure vel blanditiis. In voluptatem et eum vero id officia. Molestias veniam quo ut.', 4, '2018-07-15 10:12:08', '2018-07-15 10:12:08'),
(289, 32, 'Prof. Araceli Reynolds', 'Earum laudantium necessitatibus cupiditate et expedita ullam. Placeat sunt similique aperiam ad iste libero porro sed. Occaecati ipsa excepturi quibusdam omnis.', 1, '2018-07-15 10:12:08', '2018-07-15 10:12:08'),
(290, 6, 'Theo Medhurst', 'Voluptates amet vel pariatur at illum harum perferendis quis. Et rem quae ratione suscipit. Ipsam quibusdam fugit fugiat vel. Eum cupiditate quod quisquam consequatur maxime.', 4, '2018-07-15 10:12:08', '2018-07-15 10:12:08'),
(291, 43, 'Evert Kub', 'Amet molestiae doloremque dolore sed cumque molestiae. Totam esse modi voluptatum omnis deserunt ut. Voluptatibus non perspiciatis laborum ut suscipit eum temporibus. Nostrum ducimus omnis quibusdam et accusamus id reiciendis tenetur.', 2, '2018-07-15 10:12:08', '2018-07-15 10:12:08'),
(292, 40, 'Tristian White', 'Voluptatum est et non voluptas dicta. Quos aut ex aut aliquam voluptates quia. Facere nobis et eaque laboriosam ut ex et eum. Dolor magnam dolores error quis suscipit.', 0, '2018-07-15 10:12:08', '2018-07-15 10:12:08'),
(293, 17, 'Cedrick Senger', 'Exercitationem tempora et quia. Ullam qui laudantium aliquid placeat suscipit dolores omnis. Rerum possimus error facilis et rerum ut. Dolorem minus ea et corporis.', 4, '2018-07-15 10:12:08', '2018-07-15 10:12:08'),
(294, 39, 'Juliana Schumm', 'Asperiores ut quos est. Dolorem voluptatibus ut quasi. Architecto aspernatur est harum alias perferendis eaque suscipit. Ea veniam architecto ut est sit.', 2, '2018-07-15 10:12:08', '2018-07-15 10:12:08'),
(296, 18, 'Mrs. Teagan King', 'Deleniti tempore est animi quibusdam facilis aliquid. Dicta deleniti et autem dicta minus officia. Culpa maiores ea laudantium voluptatibus earum porro culpa vero.', 5, '2018-07-15 10:12:08', '2018-07-15 10:12:08'),
(297, 32, 'Dr. Bethany Predovic DVM', 'Veritatis minima quod et a incidunt. Officia praesentium occaecati consequatur ut quisquam occaecati ut. Earum itaque in quia asperiores similique.', 1, '2018-07-15 10:12:08', '2018-07-15 10:12:08'),
(298, 33, 'Myah Kling', 'Ratione sunt iusto non sint veritatis tempore tempore. Et ex recusandae ad numquam. Quos cum est sequi quia officiis. Ad aut aut sint quos blanditiis beatae.', 2, '2018-07-15 10:12:08', '2018-07-15 10:12:08'),
(299, 10, 'Amir Bechtelar', 'Ut suscipit quis et molestiae at aperiam. Omnis incidunt omnis culpa nemo corporis quae. Est vel corporis voluptates est. Id veniam et temporibus voluptatem. Accusamus veritatis consequuntur possimus totam velit.', 4, '2018-07-15 10:12:08', '2018-07-15 10:12:08'),
(300, 8, 'Jessie Keeling', 'Aut recusandae aut et et eligendi quis ratione sint. Voluptatem voluptas dolores id quibusdam eveniet architecto. Molestiae perferendis sapiente dicta laudantium sint dolores iure. Consequuntur et saepe vel consequatur provident facere impedit.', 1, '2018-07-15 10:12:08', '2018-07-15 10:12:08');

-- --------------------------------------------------------

--
-- Table structure for table `users`
--

CREATE TABLE `users` (
  `id` int(10) UNSIGNED NOT NULL,
  `name` varchar(255) COLLATE utf8mb4_unicode_ci NOT NULL,
  `email` varchar(255) COLLATE utf8mb4_unicode_ci NOT NULL,
  `password` varchar(255) COLLATE utf8mb4_unicode_ci NOT NULL,
  `remember_token` varchar(100) COLLATE utf8mb4_unicode_ci DEFAULT NULL,
  `created_at` timestamp NULL DEFAULT NULL,
  `updated_at` timestamp NULL DEFAULT NULL
) ENGINE=InnoDB DEFAULT CHARSET=utf8mb4 COLLATE=utf8mb4_unicode_ci;

--
-- Dumping data for table `users`
--

INSERT INTO `users` (`id`, `name`, `email`, `password`, `remember_token`, `created_at`, `updated_at`) VALUES
(1, 'Mahabu  Mollah', 'm@gmail.com', '$2y$10$BGWeHdNvLI7dS21VMlmjV.7DgS8X0e0A3l1v1UzAorIeaPOVNNI.m', NULL, '2018-07-15 12:46:07', '2018-07-15 12:46:07');

--
-- Indexes for dumped tables
--

--
-- Indexes for table `migrations`
--
ALTER TABLE `migrations`
  ADD PRIMARY KEY (`id`);

--
-- Indexes for table `oauth_access_tokens`
--
ALTER TABLE `oauth_access_tokens`
  ADD PRIMARY KEY (`id`),
  ADD KEY `oauth_access_tokens_user_id_index` (`user_id`);

--
-- Indexes for table `oauth_auth_codes`
--
ALTER TABLE `oauth_auth_codes`
  ADD PRIMARY KEY (`id`);

--
-- Indexes for table `oauth_clients`
--
ALTER TABLE `oauth_clients`
  ADD PRIMARY KEY (`id`),
  ADD KEY `oauth_clients_user_id_index` (`user_id`);

--
-- Indexes for table `oauth_personal_access_clients`
--
ALTER TABLE `oauth_personal_access_clients`
  ADD PRIMARY KEY (`id`),
  ADD KEY `oauth_personal_access_clients_client_id_index` (`client_id`);

--
-- Indexes for table `oauth_refresh_tokens`
--
ALTER TABLE `oauth_refresh_tokens`
  ADD PRIMARY KEY (`id`),
  ADD KEY `oauth_refresh_tokens_access_token_id_index` (`access_token_id`);

--
-- Indexes for table `products`
--
ALTER TABLE `products`
  ADD PRIMARY KEY (`id`);

--
-- Indexes for table `reviews`
--
ALTER TABLE `reviews`
  ADD PRIMARY KEY (`id`),
  ADD KEY `reviews_product_id_index` (`product_id`);

--
-- Indexes for table `users`
--
ALTER TABLE `users`
  ADD PRIMARY KEY (`id`);

--
-- AUTO_INCREMENT for dumped tables
--

--
-- AUTO_INCREMENT for table `migrations`
--
ALTER TABLE `migrations`
  MODIFY `id` int(10) UNSIGNED NOT NULL AUTO_INCREMENT, AUTO_INCREMENT=10;

--
-- AUTO_INCREMENT for table `oauth_clients`
--
ALTER TABLE `oauth_clients`
  MODIFY `id` int(10) UNSIGNED NOT NULL AUTO_INCREMENT, AUTO_INCREMENT=3;

--
-- AUTO_INCREMENT for table `oauth_personal_access_clients`
--
ALTER TABLE `oauth_personal_access_clients`
  MODIFY `id` int(10) UNSIGNED NOT NULL AUTO_INCREMENT, AUTO_INCREMENT=2;

--
-- AUTO_INCREMENT for table `products`
--
ALTER TABLE `products`
  MODIFY `id` int(10) UNSIGNED NOT NULL AUTO_INCREMENT, AUTO_INCREMENT=53;

--
-- AUTO_INCREMENT for table `reviews`
--
ALTER TABLE `reviews`
  MODIFY `id` int(10) UNSIGNED NOT NULL AUTO_INCREMENT, AUTO_INCREMENT=301;

--
-- AUTO_INCREMENT for table `users`
--
ALTER TABLE `users`
  MODIFY `id` int(10) UNSIGNED NOT NULL AUTO_INCREMENT, AUTO_INCREMENT=2;

--
-- Constraints for dumped tables
--

--
-- Constraints for table `reviews`
--
ALTER TABLE `reviews`
  ADD CONSTRAINT `reviews_product_id_foreign` FOREIGN KEY (`product_id`) REFERENCES `products` (`id`) ON DELETE CASCADE;
COMMIT;

/*!40101 SET CHARACTER_SET_CLIENT=@OLD_CHARACTER_SET_CLIENT */;
/*!40101 SET CHARACTER_SET_RESULTS=@OLD_CHARACTER_SET_RESULTS */;
/*!40101 SET COLLATION_CONNECTION=@OLD_COLLATION_CONNECTION */;
